id,channel,url,cut_interval,class,filename
2M0AufUQqrY,CBJ TV,https://www.youtube.com/watch?v=2M0AufUQqrY,0:04:05.55 -> 0:04:07.61,ashi_waza,ashi_waza_2M0AufUQqrY_luta01_sub03.mp4
2M0AufUQqrY,CBJ TV,https://www.youtube.com/watch?v=2M0AufUQqrY,0:00:26.70 -> 0:00:28.00,ashi_waza,ashi_waza_2M0AufUQqrY_luta03_sub01.mp4
2M0AufUQqrY,CBJ TV,https://www.youtube.com/watch?v=2M0AufUQqrY,0:00:30.00 -> 0:00:31.50,ashi_waza,ashi_waza_2M0AufUQqrY_luta03_sub02.mp4
2M0AufUQqrY,CBJ TV,https://www.youtube.com/watch?v=2M0AufUQqrY,0:01:49.89 -> 0:01:51.79,ashi_waza,ashi_waza_2M0AufUQqrY_luta03_sub03.mp4
2M0AufUQqrY,CBJ TV,https://www.youtube.com/watch?v=2M0AufUQqrY,0:04:17.65 -> 0:04:20.35,ashi_waza,ashi_waza_2M0AufUQqrY_luta03_sub04.mp4
2M0AufUQqrY,CBJ TV,https://www.youtube.com/watch?v=2M0AufUQqrY,0:05:59.57 -> 0:06:01.84,ashi_waza,ashi_waza_2M0AufUQqrY_luta03_sub06.mp4
2M0AufUQqrY,CBJ TV,https://www.youtube.com/watch?v=2M0AufUQqrY,0:07:31.07 -> 0:07:33.70,ashi_waza,ashi_waza_2M0AufUQqrY_luta03_sub07.mp4
2M0AufUQqrY,CBJ TV,https://www.youtube.com/watch?v=2M0AufUQqrY,0:04:16.45 -> 0:04:18.22,ashi_waza,ashi_waza_2M0AufUQqrY_luta04_sub01.mp4
2M0AufUQqrY,CBJ TV,https://www.youtube.com/watch?v=2M0AufUQqrY,0:02:17.96 -> 0:02:20.83,ashi_waza,ashi_waza_2M0AufUQqrY_luta07_sub01.mp4
2M0AufUQqrY,CBJ TV,https://www.youtube.com/watch?v=2M0AufUQqrY,0:01:59.82 -> 0:02:01.69,ashi_waza,ashi_waza_2M0AufUQqrY_luta12_sub02.mp4
2M0AufUQqrY,CBJ TV,https://www.youtube.com/watch?v=2M0AufUQqrY,0:02:47.52 -> 0:02:49.35,ashi_waza,ashi_waza_2M0AufUQqrY_luta12_sub03.mp4
2M0AufUQqrY,CBJ TV,https://www.youtube.com/watch?v=2M0AufUQqrY,0:03:31.25 -> 0:03:33.19,ashi_waza,ashi_waza_2M0AufUQqrY_luta13_sub02.mp4
2M0AufUQqrY,CBJ TV,https://www.youtube.com/watch?v=2M0AufUQqrY,0:00:30.63 -> 0:00:32.89,ashi_waza,ashi_waza_2M0AufUQqrY_luta14_sub01.mp4
2M0AufUQqrY,CBJ TV,https://www.youtube.com/watch?v=2M0AufUQqrY,0:01:20.33 -> 0:01:22.56,ashi_waza,ashi_waza_2M0AufUQqrY_luta15_sub01.mp4
2M0AufUQqrY,CBJ TV,https://www.youtube.com/watch?v=2M0AufUQqrY,0:02:19.22 -> 0:02:23.12,ashi_waza,ashi_waza_2M0AufUQqrY_luta15_sub02.mp4
2M0AufUQqrY,CBJ TV,https://www.youtube.com/watch?v=2M0AufUQqrY,0:06:00.97 -> 0:06:03.37,ashi_waza,ashi_waza_2M0AufUQqrY_luta15_sub04.mp4
2M0AufUQqrY,CBJ TV,https://www.youtube.com/watch?v=2M0AufUQqrY,0:02:53.35 -> 0:02:55.58,ashi_waza,ashi_waza_2M0AufUQqrY_luta16_sub03.mp4
2M0AufUQqrY,CBJ TV,https://www.youtube.com/watch?v=2M0AufUQqrY,0:01:32.59 -> 0:01:35.86,ashi_waza,ashi_waza_2M0AufUQqrY_luta17_sub01.mp4
2M0AufUQqrY,CBJ TV,https://www.youtube.com/watch?v=2M0AufUQqrY,0:02:14.00 -> 0:02:18.00,ashi_waza,ashi_waza_2M0AufUQqrY_luta18_sub01.mp4
2M0AufUQqrY,CBJ TV,https://www.youtube.com/watch?v=2M0AufUQqrY,0:03:34.00 -> 0:03:38.00,ashi_waza,ashi_waza_2M0AufUQqrY_luta18_sub02.mp4
2M0AufUQqrY,CBJ TV,https://www.youtube.com/watch?v=2M0AufUQqrY,0:04:05.00 -> 0:04:09.00,ashi_waza,ashi_waza_2M0AufUQqrY_luta18_sub03.mp4
2M0AufUQqrY,CBJ TV,https://www.youtube.com/watch?v=2M0AufUQqrY,0:04:49.00 -> 0:04:53.00,ashi_waza,ashi_waza_2M0AufUQqrY_luta18_sub04.mp4
2M0AufUQqrY,CBJ TV,https://www.youtube.com/watch?v=2M0AufUQqrY,0:05:10.00 -> 0:05:14.00,ashi_waza,ashi_waza_2M0AufUQqrY_luta18_sub05.mp4
2M0AufUQqrY,CBJ TV,https://www.youtube.com/watch?v=2M0AufUQqrY,0:04:59.55 -> 0:05:01.65,ashi_waza,ashi_waza_2M0AufUQqrY_luta21_sub02.mp4
2M0AufUQqrY,CBJ TV,https://www.youtube.com/watch?v=2M0AufUQqrY,0:00:58.76 -> 0:01:00.26,ashi_waza,ashi_waza_2M0AufUQqrY_luta23_sub01.mp4
2M0AufUQqrY,CBJ TV,https://www.youtube.com/watch?v=2M0AufUQqrY,0:02:00.16 -> 0:02:02.75,ashi_waza,ashi_waza_2M0AufUQqrY_luta23_sub03.mp4
2M0AufUQqrY,CBJ TV,https://www.youtube.com/watch?v=2M0AufUQqrY,0:10:05.30 -> 0:10:07.80,ashi_waza,ashi_waza_2M0AufUQqrY_luta24_sub01.mp4
3CMuw3ljBlQ,CBJ TV,https://www.youtube.com/watch?v=3CMuw3ljBlQ,0:02:57.00 -> 0:03:01.00,ashi_waza,ashi_waza_3CMuw3ljBlQ_luta02_sub02.mp4
3CMuw3ljBlQ,CBJ TV,https://www.youtube.com/watch?v=3CMuw3ljBlQ,0:05:05.00 -> 0:05:09.00,ashi_waza,ashi_waza_3CMuw3ljBlQ_luta02_sub03.mp4
3CMuw3ljBlQ,CBJ TV,https://www.youtube.com/watch?v=3CMuw3ljBlQ,0:03:05.00 -> 0:03:09.00,ashi_waza,ashi_waza_3CMuw3ljBlQ_luta03_sub04.mp4
3CMuw3ljBlQ,CBJ TV,https://www.youtube.com/watch?v=3CMuw3ljBlQ,0:04:25.00 -> 0:04:29.00,ashi_waza,ashi_waza_3CMuw3ljBlQ_luta04_sub01.mp4
3CMuw3ljBlQ,CBJ TV,https://www.youtube.com/watch?v=3CMuw3ljBlQ,0:00:26.00 -> 0:00:30.00,ashi_waza,ashi_waza_3CMuw3ljBlQ_luta05_sub01.mp4
3CMuw3ljBlQ,CBJ TV,https://www.youtube.com/watch?v=3CMuw3ljBlQ,0:04:07.00 -> 0:04:11.00,ashi_waza,ashi_waza_3CMuw3ljBlQ_luta09_sub01.mp4
3CMuw3ljBlQ,CBJ TV,https://www.youtube.com/watch?v=3CMuw3ljBlQ,0:09:12.00 -> 0:09:16.00,ashi_waza,ashi_waza_3CMuw3ljBlQ_luta09_sub04.mp4
3CMuw3ljBlQ,CBJ TV,https://www.youtube.com/watch?v=3CMuw3ljBlQ,0:00:57.00 -> 0:01:01.00,ashi_waza,ashi_waza_3CMuw3ljBlQ_luta10_sub01.mp4
3CMuw3ljBlQ,CBJ TV,https://www.youtube.com/watch?v=3CMuw3ljBlQ,0:02:54.00 -> 0:02:58.00,te_waza,te_waza_3CMuw3ljBlQ_luta11_sub01.mp4
3CMuw3ljBlQ,CBJ TV,https://www.youtube.com/watch?v=3CMuw3ljBlQ,0:01:08.00 -> 0:01:12.00,ashi_waza,ashi_waza_3CMuw3ljBlQ_luta12_sub01.mp4
3CMuw3ljBlQ,CBJ TV,https://www.youtube.com/watch?v=3CMuw3ljBlQ,0:02:52.00 -> 0:02:56.00,ashi_waza,ashi_waza_3CMuw3ljBlQ_luta13_sub01.mp4
3CMuw3ljBlQ,CBJ TV,https://www.youtube.com/watch?v=3CMuw3ljBlQ,0:05:54.00 -> 0:05:58.00,ashi_waza,ashi_waza_3CMuw3ljBlQ_luta13_sub02.mp4
3CMuw3ljBlQ,CBJ TV,https://www.youtube.com/watch?v=3CMuw3ljBlQ,0:02:20.00 -> 0:02:24.00,ashi_waza,ashi_waza_3CMuw3ljBlQ_luta14_sub01.mp4
3CMuw3ljBlQ,CBJ TV,https://www.youtube.com/watch?v=3CMuw3ljBlQ,0:00:58.00 -> 0:01:02.00,ashi_waza,ashi_waza_3CMuw3ljBlQ_luta16_sub01.mp4
3CMuw3ljBlQ,CBJ TV,https://www.youtube.com/watch?v=3CMuw3ljBlQ,0:01:54.00 -> 0:01:58.00,ashi_waza,ashi_waza_3CMuw3ljBlQ_luta16_sub02.mp4
3CMuw3ljBlQ,CBJ TV,https://www.youtube.com/watch?v=3CMuw3ljBlQ,0:00:43.00 -> 0:00:47.00,ashi_waza,ashi_waza_3CMuw3ljBlQ_luta17_sub01.mp4
3CMuw3ljBlQ,CBJ TV,https://www.youtube.com/watch?v=3CMuw3ljBlQ,0:01:15.00 -> 0:01:19.00,ashi_waza,ashi_waza_3CMuw3ljBlQ_luta17_sub02.mp4
3CMuw3ljBlQ,CBJ TV,https://www.youtube.com/watch?v=3CMuw3ljBlQ,0:00:20.00 -> 0:00:24.00,ashi_waza,ashi_waza_3CMuw3ljBlQ_luta18_sub01.mp4
3CMuw3ljBlQ,CBJ TV,https://www.youtube.com/watch?v=3CMuw3ljBlQ,0:05:19.00 -> 0:05:23.00,ashi_waza,ashi_waza_3CMuw3ljBlQ_luta18_sub05.mp4
3CMuw3ljBlQ,CBJ TV,https://www.youtube.com/watch?v=3CMuw3ljBlQ,0:02:15.00 -> 0:02:19.00,ashi_waza,ashi_waza_3CMuw3ljBlQ_luta19_sub03.mp4
3CMuw3ljBlQ,CBJ TV,https://www.youtube.com/watch?v=3CMuw3ljBlQ,0:00:36.00 -> 0:00:40.00,ashi_waza,ashi_waza_3CMuw3ljBlQ_luta20_sub01.mp4
3CMuw3ljBlQ,CBJ TV,https://www.youtube.com/watch?v=3CMuw3ljBlQ,0:01:37.00 -> 0:01:41.00,ashi_waza,ashi_waza_3CMuw3ljBlQ_luta22_sub01.mp4
3CMuw3ljBlQ,CBJ TV,https://www.youtube.com/watch?v=3CMuw3ljBlQ,0:04:06.00 -> 0:04:10.00,ashi_waza,ashi_waza_3CMuw3ljBlQ_luta22_sub02.mp4
3mcFb0cA808,CBJ TV,https://www.youtube.com/watch?v=3mcFb0cA808,0:00:21.36 -> 0:00:23.40,ashi_waza,ashi_waza_3mcFb0cA808_luta01_sub01.mp4
3mcFb0cA808,CBJ TV,https://www.youtube.com/watch?v=3mcFb0cA808,0:05:55.11 -> 0:05:56.85,ashi_waza,ashi_waza_3mcFb0cA808_luta01_sub02.mp4
3mcFb0cA808,CBJ TV,https://www.youtube.com/watch?v=3mcFb0cA808,0:03:12.22 -> 0:03:15.06,ashi_waza,ashi_waza_3mcFb0cA808_luta02_sub01.mp4
3mcFb0cA808,CBJ TV,https://www.youtube.com/watch?v=3mcFb0cA808,0:00:38.23 -> 0:00:41.00,ashi_waza,ashi_waza_3mcFb0cA808_luta04_sub01.mp4
3mcFb0cA808,CBJ TV,https://www.youtube.com/watch?v=3mcFb0cA808,0:02:39.69 -> 0:02:42.26,ashi_waza,ashi_waza_3mcFb0cA808_luta05_sub01.mp4
JTTP_kAAX7k,CBJ TV,https://www.youtube.com/watch?v=JTTP_kAAX7k,0:01:04.00 -> 0:01:08.00,ashi_waza,ashi_waza_JTTP_kAAX7k_luta02_sub01.mp4
JTTP_kAAX7k,CBJ TV,https://www.youtube.com/watch?v=JTTP_kAAX7k,0:09:05.00 -> 0:09:09.00,ashi_waza,ashi_waza_JTTP_kAAX7k_luta03_sub05.mp4
JTTP_kAAX7k,CBJ TV,https://www.youtube.com/watch?v=JTTP_kAAX7k,0:05:21.00 -> 0:05:25.00,ashi_waza,ashi_waza_JTTP_kAAX7k_luta04_sub04.mp4
JTTP_kAAX7k,CBJ TV,https://www.youtube.com/watch?v=JTTP_kAAX7k,0:07:19.00 -> 0:07:23.00,ashi_waza,ashi_waza_JTTP_kAAX7k_luta04_sub06.mp4
JTTP_kAAX7k,CBJ TV,https://www.youtube.com/watch?v=JTTP_kAAX7k,0:08:35.00 -> 0:08:39.00,ashi_waza,ashi_waza_JTTP_kAAX7k_luta04_sub07.mp4
JTTP_kAAX7k,CBJ TV,https://www.youtube.com/watch?v=JTTP_kAAX7k,0:04:28.00 -> 0:04:32.00,ashi_waza,ashi_waza_JTTP_kAAX7k_luta07_sub02.mp4
JTTP_kAAX7k,CBJ TV,https://www.youtube.com/watch?v=JTTP_kAAX7k,0:04:17.00 -> 0:04:21.00,ashi_waza,ashi_waza_JTTP_kAAX7k_luta08_sub03.mp4
JTTP_kAAX7k,CBJ TV,https://www.youtube.com/watch?v=JTTP_kAAX7k,0:03:55.00 -> 0:03:59.00,ashi_waza,ashi_waza_JTTP_kAAX7k_luta09_sub01.mp4
JTTP_kAAX7k,CBJ TV,https://www.youtube.com/watch?v=JTTP_kAAX7k,0:01:14.00 -> 0:01:18.00,ashi_waza,ashi_waza_JTTP_kAAX7k_luta10_sub02.mp4
JTTP_kAAX7k,CBJ TV,https://www.youtube.com/watch?v=JTTP_kAAX7k,0:01:25.00 -> 0:01:29.00,ashi_waza,ashi_waza_JTTP_kAAX7k_luta11_sub01.mp4
JTTP_kAAX7k,CBJ TV,https://www.youtube.com/watch?v=JTTP_kAAX7k,0:06:46.00 -> 0:06:50.00,ashi_waza,ashi_waza_JTTP_kAAX7k_luta11_sub03.mp4
JTTP_kAAX7k,CBJ TV,https://www.youtube.com/watch?v=JTTP_kAAX7k,0:01:47.00 -> 0:01:51.00,ashi_waza,ashi_waza_JTTP_kAAX7k_luta13_sub02.mp4
KJoE31ErlHY,CBJ TV,https://www.youtube.com/watch?v=KJoE31ErlHY,0:04:34.71 -> 0:04:36.35,ashi_waza,ashi_waza_KJoE31ErlHY_luta01_sub05.mp4
KJoE31ErlHY,CBJ TV,https://www.youtube.com/watch?v=KJoE31ErlHY,0:00:13.10 -> 0:00:15.63,ashi_waza,ashi_waza_KJoE31ErlHY_luta02_sub01.mp4
KJoE31ErlHY,CBJ TV,https://www.youtube.com/watch?v=KJoE31ErlHY,0:04:33.55 -> 0:04:35.72,ashi_waza,ashi_waza_KJoE31ErlHY_luta04_sub01.mp4
KJoE31ErlHY,CBJ TV,https://www.youtube.com/watch?v=KJoE31ErlHY,0:01:34.00 -> 0:01:38.00,ashi_waza,ashi_waza_KJoE31ErlHY_luta10_sub01.mp4
KJoE31ErlHY,CBJ TV,https://www.youtube.com/watch?v=KJoE31ErlHY,0:01:43.00 -> 0:01:47.00,ashi_waza,ashi_waza_KJoE31ErlHY_luta11_sub02.mp4
KJoE31ErlHY,CBJ TV,https://www.youtube.com/watch?v=KJoE31ErlHY,0:02:22.00 -> 0:02:26.00,ashi_waza,ashi_waza_KJoE31ErlHY_luta11_sub03.mp4
KJoE31ErlHY,CBJ TV,https://www.youtube.com/watch?v=KJoE31ErlHY,0:03:47.00 -> 0:03:51.00,ashi_waza,ashi_waza_KJoE31ErlHY_luta12_sub01.mp4
KJoE31ErlHY,CBJ TV,https://www.youtube.com/watch?v=KJoE31ErlHY,0:03:51.00 -> 0:03:55.00,ashi_waza,ashi_waza_KJoE31ErlHY_luta13_sub04.mp4
KQ42cd2XwEY,CBJ TV,https://www.youtube.com/watch?v=KQ42cd2XwEY,0:04:10.60 -> 0:04:12.50,ashi_waza,ashi_waza_KQ42cd2XwEY_luta02_sub02.mp4
KQ42cd2XwEY,CBJ TV,https://www.youtube.com/watch?v=KQ42cd2XwEY,0:07:05.89 -> 0:07:08.92,ashi_waza,ashi_waza_KQ42cd2XwEY_luta05_06_sub01.mp4
KQ42cd2XwEY,CBJ TV,https://www.youtube.com/watch?v=KQ42cd2XwEY,0:08:01.68 -> 0:08:05.45,ashi_waza,ashi_waza_KQ42cd2XwEY_luta05_06_sub02.mp4
KQ42cd2XwEY,CBJ TV,https://www.youtube.com/watch?v=KQ42cd2XwEY,0:06:29.17 -> 0:06:32.40,ashi_waza,ashi_waza_KQ42cd2XwEY_luta07_sub04.mp4
KQ42cd2XwEY,CBJ TV,https://www.youtube.com/watch?v=KQ42cd2XwEY,0:04:04.66 -> 0:04:06.90,sutemi_waza,sutemi_waza_KQ42cd2XwEY_luta09_sub02.mp4
KQ42cd2XwEY,CBJ TV,https://www.youtube.com/watch?v=KQ42cd2XwEY,0:01:32.96 -> 0:01:35.56,ashi_waza,ashi_waza_KQ42cd2XwEY_luta10_sub01.mp4
KQ42cd2XwEY,CBJ TV,https://www.youtube.com/watch?v=KQ42cd2XwEY,0:03:23.75 -> 0:03:27.82,ashi_waza,ashi_waza_KQ42cd2XwEY_luta10_sub03.mp4
KQ42cd2XwEY,CBJ TV,https://www.youtube.com/watch?v=KQ42cd2XwEY,0:01:47.26 -> 0:01:50.32,ashi_waza,ashi_waza_KQ42cd2XwEY_luta12_sub01.mp4
KQ42cd2XwEY,CBJ TV,https://www.youtube.com/watch?v=KQ42cd2XwEY,0:02:39.65 -> 0:02:42.58,ashi_waza,ashi_waza_KQ42cd2XwEY_luta13_sub02.mp4
KQ42cd2XwEY,CBJ TV,https://www.youtube.com/watch?v=KQ42cd2XwEY,0:04:18.61 -> 0:04:21.04,ashi_waza,ashi_waza_KQ42cd2XwEY_luta14_sub02.mp4
KQ42cd2XwEY,CBJ TV,https://www.youtube.com/watch?v=KQ42cd2XwEY,0:02:08.22 -> 0:02:11.22,ashi_waza,ashi_waza_KQ42cd2XwEY_luta15_sub02.mp4
KQ42cd2XwEY,CBJ TV,https://www.youtube.com/watch?v=KQ42cd2XwEY,0:03:09.99 -> 0:03:14.56,ashi_waza,ashi_waza_KQ42cd2XwEY_luta15_sub04.mp4
S4sz6Cu0a0A,CBJ TV,https://www.youtube.com/watch?v=S4sz6Cu0a0A,0:05:09.00 -> 0:05:13.00,ashi_waza,ashi_waza_S4sz6Cu0a0A_luta03_sub01.mp4
S4sz6Cu0a0A,CBJ TV,https://www.youtube.com/watch?v=S4sz6Cu0a0A,0:05:53.00 -> 0:05:57.00,ashi_waza,ashi_waza_S4sz6Cu0a0A_luta03_sub02.mp4
S4sz6Cu0a0A,CBJ TV,https://www.youtube.com/watch?v=S4sz6Cu0a0A,0:03:39.68 -> 0:03:42.51,ashi_waza,ashi_waza_S4sz6Cu0a0A_luta06_sub01.mp4
S4sz6Cu0a0A,CBJ TV,https://www.youtube.com/watch?v=S4sz6Cu0a0A,0:02:54.28 -> 0:02:57.35,ashi_waza,ashi_waza_S4sz6Cu0a0A_luta07_sub01.mp4
S4sz6Cu0a0A,CBJ TV,https://www.youtube.com/watch?v=S4sz6Cu0a0A,0:00:44.93 -> 0:00:47.00,ashi_waza,ashi_waza_S4sz6Cu0a0A_luta08_sub01.mp4
S4sz6Cu0a0A,CBJ TV,https://www.youtube.com/watch?v=S4sz6Cu0a0A,0:03:03.00 -> 0:03:07.00,ashi_waza,ashi_waza_S4sz6Cu0a0A_luta09_sub01.mp4
S4sz6Cu0a0A,CBJ TV,https://www.youtube.com/watch?v=S4sz6Cu0a0A,0:05:53.00 -> 0:05:57.00,ashi_waza,ashi_waza_S4sz6Cu0a0A_luta09_sub03.mp4
S4sz6Cu0a0A,CBJ TV,https://www.youtube.com/watch?v=S4sz6Cu0a0A,0:04:33.00 -> 0:04:37.00,ashi_waza,ashi_waza_S4sz6Cu0a0A_luta10_sub02.mp4
S4sz6Cu0a0A,CBJ TV,https://www.youtube.com/watch?v=S4sz6Cu0a0A,0:01:52.00 -> 0:01:56.00,ashi_waza,ashi_waza_S4sz6Cu0a0A_luta11_sub03.mp4
S4sz6Cu0a0A,CBJ TV,https://www.youtube.com/watch?v=S4sz6Cu0a0A,0:00:55.00 -> 0:00:59.00,ashi_waza,ashi_waza_S4sz6Cu0a0A_luta12_sub01.mp4
S4sz6Cu0a0A,CBJ TV,https://www.youtube.com/watch?v=S4sz6Cu0a0A,0:00:34.00 -> 0:00:38.00,ashi_waza,ashi_waza_S4sz6Cu0a0A_luta13_sub01.mp4
S4sz6Cu0a0A,CBJ TV,https://www.youtube.com/watch?v=S4sz6Cu0a0A,0:00:50.00 -> 0:00:54.00,ashi_waza,ashi_waza_S4sz6Cu0a0A_luta14_sub01.mp4
S4sz6Cu0a0A,CBJ TV,https://www.youtube.com/watch?v=S4sz6Cu0a0A,0:00:25.00 -> 0:00:29.00,ashi_waza,ashi_waza_S4sz6Cu0a0A_luta15_sub01.mp4
S4sz6Cu0a0A,CBJ TV,https://www.youtube.com/watch?v=S4sz6Cu0a0A,0:01:37.00 -> 0:01:41.00,ashi_waza,ashi_waza_S4sz6Cu0a0A_luta16_sub01.mp4
S4sz6Cu0a0A,CBJ TV,https://www.youtube.com/watch?v=S4sz6Cu0a0A,0:01:56.00 -> 0:02:00.00,ashi_waza,ashi_waza_S4sz6Cu0a0A_luta16_sub02.mp4
S4sz6Cu0a0A,CBJ TV,https://www.youtube.com/watch?v=S4sz6Cu0a0A,0:04:05.00 -> 0:04:09.00,ashi_waza,ashi_waza_S4sz6Cu0a0A_luta16_sub04.mp4
S4sz6Cu0a0A,CBJ TV,https://www.youtube.com/watch?v=S4sz6Cu0a0A,0:00:32.00 -> 0:00:36.00,ashi_waza,ashi_waza_S4sz6Cu0a0A_luta17_sub01.mp4
S4sz6Cu0a0A,CBJ TV,https://www.youtube.com/watch?v=S4sz6Cu0a0A,0:08:45.00 -> 0:08:49.00,ashi_waza,ashi_waza_S4sz6Cu0a0A_luta17_sub03.mp4
S4sz6Cu0a0A,CBJ TV,https://www.youtube.com/watch?v=S4sz6Cu0a0A,0:03:55.00 -> 0:03:59.00,ashi_waza,ashi_waza_S4sz6Cu0a0A_luta18_sub01.mp4
S4sz6Cu0a0A,CBJ TV,https://www.youtube.com/watch?v=S4sz6Cu0a0A,0:04:21.00 -> 0:04:25.00,ashi_waza,ashi_waza_S4sz6Cu0a0A_luta18_sub02.mp4
Wa2koy9Wlx0,CBJ TV,https://www.youtube.com/watch?v=Wa2koy9Wlx0,0:00:50.73 -> 0:00:53.40,ashi_waza,ashi_waza_Wa2koy9Wlx0_luta03_sub01.mp4
Wa2koy9Wlx0,CBJ TV,https://www.youtube.com/watch?v=Wa2koy9Wlx0,0:03:49.12 -> 0:03:51.12,ashi_waza,ashi_waza_Wa2koy9Wlx0_luta03_sub03.mp4
Wa2koy9Wlx0,CBJ TV,https://www.youtube.com/watch?v=Wa2koy9Wlx0,0:04:47.65 -> 0:04:50.45,ashi_waza,ashi_waza_Wa2koy9Wlx0_luta03_sub04.mp4
Wa2koy9Wlx0,CBJ TV,https://www.youtube.com/watch?v=Wa2koy9Wlx0,0:00:44.16 -> 0:00:46.16,ashi_waza,ashi_waza_Wa2koy9Wlx0_luta05_sub01.mp4
Wa2koy9Wlx0,CBJ TV,https://www.youtube.com/watch?v=Wa2koy9Wlx0,0:02:00.56 -> 0:02:03.56,ashi_waza,ashi_waza_Wa2koy9Wlx0_luta07_sub02.mp4
Wa2koy9Wlx0,CBJ TV,https://www.youtube.com/watch?v=Wa2koy9Wlx0,0:04:33.81 -> 0:04:35.38,ashi_waza,ashi_waza_Wa2koy9Wlx0_luta07_sub04.mp4
Wa2koy9Wlx0,CBJ TV,https://www.youtube.com/watch?v=Wa2koy9Wlx0,0:02:56.00 -> 0:03:00.00,ashi_waza,ashi_waza_Wa2koy9Wlx0_luta08_sub01.mp4
Wa2koy9Wlx0,CBJ TV,https://www.youtube.com/watch?v=Wa2koy9Wlx0,0:00:22.20 -> 0:00:24.43,ashi_waza,ashi_waza_Wa2koy9Wlx0_luta09_sub01.mp4
Wa2koy9Wlx0,CBJ TV,https://www.youtube.com/watch?v=Wa2koy9Wlx0,0:00:52.06 -> 0:00:54.53,ashi_waza,ashi_waza_Wa2koy9Wlx0_luta12_sub01.mp4
Wa2koy9Wlx0,CBJ TV,https://www.youtube.com/watch?v=Wa2koy9Wlx0,0:01:53.10 -> 0:01:55.10,ashi_waza,ashi_waza_Wa2koy9Wlx0_luta15_sub01.mp4
Wa2koy9Wlx0,CBJ TV,https://www.youtube.com/watch?v=Wa2koy9Wlx0,0:03:10.59 -> 0:03:13.49,ashi_waza,ashi_waza_Wa2koy9Wlx0_luta15_sub03.mp4
Wa2koy9Wlx0,CBJ TV,https://www.youtube.com/watch?v=Wa2koy9Wlx0,0:06:57.61 -> 0:06:59.27,ashi_waza,ashi_waza_Wa2koy9Wlx0_luta15_sub04.mp4
Wa2koy9Wlx0,CBJ TV,https://www.youtube.com/watch?v=Wa2koy9Wlx0,0:00:20.23 -> 0:00:22.53,ashi_waza,ashi_waza_Wa2koy9Wlx0_luta18_sub01.mp4
Wa2koy9Wlx0,CBJ TV,https://www.youtube.com/watch?v=Wa2koy9Wlx0,0:01:46.92 -> 0:01:49.29,ashi_waza,ashi_waza_Wa2koy9Wlx0_luta18_sub02.mp4
Wa2koy9Wlx0,CBJ TV,https://www.youtube.com/watch?v=Wa2koy9Wlx0,0:03:17.36 -> 0:03:19.06,ashi_waza,ashi_waza_Wa2koy9Wlx0_luta22_sub01.mp4
Wa2koy9Wlx0,CBJ TV,https://www.youtube.com/watch?v=Wa2koy9Wlx0,0:04:57.68 -> 0:05:00.55,ashi_waza,ashi_waza_Wa2koy9Wlx0_luta22_sub02.mp4
Wa2koy9Wlx0,CBJ TV,https://www.youtube.com/watch?v=Wa2koy9Wlx0,0:03:56.85 -> 0:04:00.98,ashi_waza,ashi_waza_Wa2koy9Wlx0_luta22_sub03.mp4
Wa2koy9Wlx0,CBJ TV,https://www.youtube.com/watch?v=Wa2koy9Wlx0,0:02:34.15 -> 0:02:36.69,ashi_waza,ashi_waza_Wa2koy9Wlx0_luta23_sub01.mp4
lX7brd9T1-s,CBJ TV,https://www.youtube.com/watch?v=lX7brd9T1-s,0:02:31.00 -> 0:02:35.00,ashi_waza,ashi_waza_lX7brd9T1-s_luta01_sub01.mp4
lX7brd9T1-s,CBJ TV,https://www.youtube.com/watch?v=lX7brd9T1-s,0:03:27.00 -> 0:03:31.00,ashi_waza,ashi_waza_lX7brd9T1-s_luta01_sub02.mp4
lX7brd9T1-s,CBJ TV,https://www.youtube.com/watch?v=lX7brd9T1-s,0:04:01.00 -> 0:04:05.00,ashi_waza,ashi_waza_lX7brd9T1-s_luta01_sub03.mp4
lX7brd9T1-s,CBJ TV,https://www.youtube.com/watch?v=lX7brd9T1-s,0:00:42.00 -> 0:00:46.00,ashi_waza,ashi_waza_lX7brd9T1-s_luta03_sub02.mp4
lX7brd9T1-s,CBJ TV,https://www.youtube.com/watch?v=lX7brd9T1-s,0:02:12.00 -> 0:02:16.00,ashi_waza,ashi_waza_lX7brd9T1-s_luta06_sub01.mp4
lX7brd9T1-s,CBJ TV,https://www.youtube.com/watch?v=lX7brd9T1-s,0:02:38.00 -> 0:02:42.00,ashi_waza,ashi_waza_lX7brd9T1-s_luta06_sub02.mp4
lX7brd9T1-s,CBJ TV,https://www.youtube.com/watch?v=lX7brd9T1-s,0:03:47.00 -> 0:03:51.00,ashi_waza,ashi_waza_lX7brd9T1-s_luta06_sub03.mp4
lX7brd9T1-s,CBJ TV,https://www.youtube.com/watch?v=lX7brd9T1-s,0:04:13.00 -> 0:04:17.00,ashi_waza,ashi_waza_lX7brd9T1-s_luta06_sub04.mp4
lX7brd9T1-s,CBJ TV,https://www.youtube.com/watch?v=lX7brd9T1-s,0:04:42.00 -> 0:04:46.00,ashi_waza,ashi_waza_lX7brd9T1-s_luta06_sub05.mp4
lX7brd9T1-s,CBJ TV,https://www.youtube.com/watch?v=lX7brd9T1-s,0:02:38.00 -> 0:02:42.00,ashi_waza,ashi_waza_lX7brd9T1-s_luta07_sub01.mp4
lX7brd9T1-s,CBJ TV,https://www.youtube.com/watch?v=lX7brd9T1-s,0:01:45.00 -> 0:01:49.00,ashi_waza,ashi_waza_lX7brd9T1-s_luta08_sub01.mp4
lX7brd9T1-s,CBJ TV,https://www.youtube.com/watch?v=lX7brd9T1-s,0:05:58.00 -> 0:06:02.00,ashi_waza,ashi_waza_lX7brd9T1-s_luta09_sub02.mp4
lX7brd9T1-s,CBJ TV,https://www.youtube.com/watch?v=lX7brd9T1-s,0:08:36.00 -> 0:08:40.00,ashi_waza,ashi_waza_lX7brd9T1-s_luta09_sub05.mp4
lX7brd9T1-s,CBJ TV,https://www.youtube.com/watch?v=lX7brd9T1-s,0:02:02.00 -> 0:02:06.00,ashi_waza,ashi_waza_lX7brd9T1-s_luta10_sub02.mp4
lX7brd9T1-s,CBJ TV,https://www.youtube.com/watch?v=lX7brd9T1-s,0:02:42.00 -> 0:02:46.00,ashi_waza,ashi_waza_lX7brd9T1-s_luta10_sub03.mp4
lX7brd9T1-s,CBJ TV,https://www.youtube.com/watch?v=lX7brd9T1-s,0:05:55.00 -> 0:05:59.00,ashi_waza,ashi_waza_lX7brd9T1-s_luta10_sub04.mp4
lX7brd9T1-s,CBJ TV,https://www.youtube.com/watch?v=lX7brd9T1-s,0:01:08.00 -> 0:01:12.00,ashi_waza,ashi_waza_lX7brd9T1-s_luta12_sub01.mp4
lX7brd9T1-s,CBJ TV,https://www.youtube.com/watch?v=lX7brd9T1-s,0:02:01.00 -> 0:02:05.00,ashi_waza,ashi_waza_lX7brd9T1-s_luta12_sub02.mp4
lX7brd9T1-s,CBJ TV,https://www.youtube.com/watch?v=lX7brd9T1-s,0:02:26.00 -> 0:02:30.00,ashi_waza,ashi_waza_lX7brd9T1-s_luta12_sub03.mp4
lX7brd9T1-s,CBJ TV,https://www.youtube.com/watch?v=lX7brd9T1-s,0:05:37.00 -> 0:05:41.00,ashi_waza,ashi_waza_lX7brd9T1-s_luta12_sub04.mp4
lX7brd9T1-s,CBJ TV,https://www.youtube.com/watch?v=lX7brd9T1-s,0:06:01.00 -> 0:06:05.00,ashi_waza,ashi_waza_lX7brd9T1-s_luta12_sub05.mp4
lX7brd9T1-s,CBJ TV,https://www.youtube.com/watch?v=lX7brd9T1-s,0:07:19.00 -> 0:07:23.00,ashi_waza,ashi_waza_lX7brd9T1-s_luta12_sub06.mp4
lX7brd9T1-s,CBJ TV,https://www.youtube.com/watch?v=lX7brd9T1-s,0:00:45.00 -> 0:00:49.00,ashi_waza,ashi_waza_lX7brd9T1-s_luta14_sub01.mp4
lX7brd9T1-s,CBJ TV,https://www.youtube.com/watch?v=lX7brd9T1-s,0:01:05.00 -> 0:01:09.00,ashi_waza,ashi_waza_lX7brd9T1-s_luta15_sub01.mp4
lX7brd9T1-s,CBJ TV,https://www.youtube.com/watch?v=lX7brd9T1-s,0:00:44.00 -> 0:00:48.00,ashi_waza,ashi_waza_lX7brd9T1-s_luta16_sub01.mp4
lX7brd9T1-s,CBJ TV,https://www.youtube.com/watch?v=lX7brd9T1-s,0:04:04.00 -> 0:04:08.00,ashi_waza,ashi_waza_lX7brd9T1-s_luta16_sub03.mp4
lX7brd9T1-s,CBJ TV,https://www.youtube.com/watch?v=lX7brd9T1-s,0:05:04.00 -> 0:05:08.00,ashi_waza,ashi_waza_lX7brd9T1-s_luta19_sub04.mp4
lX7brd9T1-s,CBJ TV,https://www.youtube.com/watch?v=lX7brd9T1-s,0:00:54.00 -> 0:00:58.00,ashi_waza,ashi_waza_lX7brd9T1-s_luta20_sub01.mp4
lX7brd9T1-s,CBJ TV,https://www.youtube.com/watch?v=lX7brd9T1-s,0:01:23.00 -> 0:01:27.00,ashi_waza,ashi_waza_lX7brd9T1-s_luta20_sub02.mp4
lX7brd9T1-s,CBJ TV,https://www.youtube.com/watch?v=lX7brd9T1-s,0:01:14.00 -> 0:01:18.00,ashi_waza,ashi_waza_lX7brd9T1-s_luta22_sub02.mp4
lX7brd9T1-s,CBJ TV,https://www.youtube.com/watch?v=lX7brd9T1-s,0:01:32.00 -> 0:01:36.00,ashi_waza,ashi_waza_lX7brd9T1-s_luta22_sub03.mp4
lX7brd9T1-s,CBJ TV,https://www.youtube.com/watch?v=lX7brd9T1-s,0:01:44.00 -> 0:01:48.00,ashi_waza,ashi_waza_lX7brd9T1-s_luta23_sub01.mp4
lX7brd9T1-s,CBJ TV,https://www.youtube.com/watch?v=lX7brd9T1-s,0:01:59.00 -> 0:02:03.00,ashi_waza,ashi_waza_lX7brd9T1-s_luta24_sub01.mp4
lX7brd9T1-s,CBJ TV,https://www.youtube.com/watch?v=lX7brd9T1-s,0:02:58.00 -> 0:03:02.00,ashi_waza,ashi_waza_lX7brd9T1-s_luta24_sub02.mp4
lX7brd9T1-s,CBJ TV,https://www.youtube.com/watch?v=lX7brd9T1-s,0:03:56.00 -> 0:04:00.00,ashi_waza,ashi_waza_lX7brd9T1-s_luta25_sub02.mp4
lX7brd9T1-s,CBJ TV,https://www.youtube.com/watch?v=lX7brd9T1-s,0:00:22.00 -> 0:00:26.00,ashi_waza,ashi_waza_lX7brd9T1-s_luta27_sub01.mp4
lX7brd9T1-s,CBJ TV,https://www.youtube.com/watch?v=lX7brd9T1-s,0:06:58.00 -> 0:07:02.00,ashi_waza,ashi_waza_lX7brd9T1-s_luta28_sub02.mp4
lX7brd9T1-s,CBJ TV,https://www.youtube.com/watch?v=lX7brd9T1-s,0:06:27.00 -> 0:06:31.00,ashi_waza,ashi_waza_lX7brd9T1-s_luta29_sub03.mp4
lX7brd9T1-s,CBJ TV,https://www.youtube.com/watch?v=lX7brd9T1-s,0:01:10.00 -> 0:01:14.00,ashi_waza,ashi_waza_lX7brd9T1-s_luta30_sub01.mp4
lX7brd9T1-s,CBJ TV,https://www.youtube.com/watch?v=lX7brd9T1-s,0:01:32.00 -> 0:01:36.00,ashi_waza,ashi_waza_lX7brd9T1-s_luta31_sub01.mp4
lX7brd9T1-s,CBJ TV,https://www.youtube.com/watch?v=lX7brd9T1-s,0:00:28.00 -> 0:00:32.00,ashi_waza,ashi_waza_lX7brd9T1-s_luta32_sub01.mp4
lX7brd9T1-s,CBJ TV,https://www.youtube.com/watch?v=lX7brd9T1-s,0:01:15.00 -> 0:01:19.00,ashi_waza,ashi_waza_lX7brd9T1-s_luta32_sub02.mp4
lX7brd9T1-s,CBJ TV,https://www.youtube.com/watch?v=lX7brd9T1-s,0:09:01.00 -> 0:09:05.00,ashi_waza,ashi_waza_lX7brd9T1-s_luta33_sub05.mp4
lX7brd9T1-s,CBJ TV,https://www.youtube.com/watch?v=lX7brd9T1-s,0:00:44.00 -> 0:00:48.00,ashi_waza,ashi_waza_lX7brd9T1-s_luta34_sub01.mp4
lX7brd9T1-s,CBJ TV,https://www.youtube.com/watch?v=lX7brd9T1-s,0:00:45.00 -> 0:00:49.00,ashi_waza,ashi_waza_lX7brd9T1-s_luta36_sub01.mp4
lX7brd9T1-s,CBJ TV,https://www.youtube.com/watch?v=lX7brd9T1-s,0:02:28.00 -> 0:02:32.00,ashi_waza,ashi_waza_lX7brd9T1-s_luta36_sub02.mp4
lX7brd9T1-s,CBJ TV,https://www.youtube.com/watch?v=lX7brd9T1-s,0:04:54.00 -> 0:04:58.00,ashi_waza,ashi_waza_lX7brd9T1-s_luta36_sub04.mp4
lX7brd9T1-s,CBJ TV,https://www.youtube.com/watch?v=lX7brd9T1-s,0:02:30.00 -> 0:02:34.00,ashi_waza,ashi_waza_lX7brd9T1-s_luta37_sub02.mp4
lX7brd9T1-s,CBJ TV,https://www.youtube.com/watch?v=lX7brd9T1-s,0:01:18.00 -> 0:01:22.00,ashi_waza,ashi_waza_lX7brd9T1-s_luta38_sub01.mp4
lX7brd9T1-s,CBJ TV,https://www.youtube.com/watch?v=lX7brd9T1-s,0:03:43.00 -> 0:03:47.00,ashi_waza,ashi_waza_lX7brd9T1-s_luta39_sub01.mp4
lX7brd9T1-s,CBJ TV,https://www.youtube.com/watch?v=lX7brd9T1-s,0:02:59.00 -> 0:03:03.00,ashi_waza,ashi_waza_lX7brd9T1-s_luta40_sub01.mp4
lX7brd9T1-s,CBJ TV,https://www.youtube.com/watch?v=lX7brd9T1-s,0:05:53.00 -> 0:05:57.00,ashi_waza,ashi_waza_lX7brd9T1-s_luta40_sub02.mp4
lX7brd9T1-s,CBJ TV,https://www.youtube.com/watch?v=lX7brd9T1-s,0:06:16.00 -> 0:06:20.00,ashi_waza,ashi_waza_lX7brd9T1-s_luta40_sub03.mp4
lX7brd9T1-s,CBJ TV,https://www.youtube.com/watch?v=lX7brd9T1-s,0:07:29.00 -> 0:07:33.00,ashi_waza,ashi_waza_lX7brd9T1-s_luta42_sub01.mp4
lX7brd9T1-s,CBJ TV,https://www.youtube.com/watch?v=lX7brd9T1-s,0:09:07.00 -> 0:09:11.00,ashi_waza,ashi_waza_lX7brd9T1-s_luta42_sub03.mp4
lX7brd9T1-s,CBJ TV,https://www.youtube.com/watch?v=lX7brd9T1-s,0:03:24.00 -> 0:03:28.00,ashi_waza,ashi_waza_lX7brd9T1-s_luta43_sub03.mp4
xCAfQDzvki0,CBJ TV,https://www.youtube.com/watch?v=xCAfQDzvki0,0:01:02.00 -> 0:01:06.00,ashi_waza,ashi_waza_xCAfQDzvki0_luta02_sub01.mp4
xCAfQDzvki0,CBJ TV,https://www.youtube.com/watch?v=xCAfQDzvki0,0:06:52.00 -> 0:06:56.00,ashi_waza,ashi_waza_xCAfQDzvki0_luta02_sub04.mp4
xCAfQDzvki0,CBJ TV,https://www.youtube.com/watch?v=xCAfQDzvki0,0:09:12.00 -> 0:09:16.00,ashi_waza,ashi_waza_xCAfQDzvki0_luta02_sub06.mp4
xCAfQDzvki0,CBJ TV,https://www.youtube.com/watch?v=xCAfQDzvki0,0:02:34.00 -> 0:02:38.00,ashi_waza,ashi_waza_xCAfQDzvki0_luta07_sub03.mp4
xCAfQDzvki0,CBJ TV,https://www.youtube.com/watch?v=xCAfQDzvki0,0:12:37.00 -> 0:12:41.00,ashi_waza,ashi_waza_xCAfQDzvki0_luta07_sub05.mp4
xCAfQDzvki0,CBJ TV,https://www.youtube.com/watch?v=xCAfQDzvki0,0:13:00.00 -> 0:13:04.00,ashi_waza,ashi_waza_xCAfQDzvki0_luta07_sub06.mp4
xCAfQDzvki0,CBJ TV,https://www.youtube.com/watch?v=xCAfQDzvki0,0:01:05.00 -> 0:01:09.00,ashi_waza,ashi_waza_xCAfQDzvki0_luta09_sub01.mp4
xCAfQDzvki0,CBJ TV,https://www.youtube.com/watch?v=xCAfQDzvki0,0:01:22.00 -> 0:01:26.00,ashi_waza,ashi_waza_xCAfQDzvki0_luta09_sub02.mp4
xCAfQDzvki0,CBJ TV,https://www.youtube.com/watch?v=xCAfQDzvki0,0:04:09.00 -> 0:04:13.00,ashi_waza,ashi_waza_xCAfQDzvki0_luta09_sub03.mp4
xCAfQDzvki0,CBJ TV,https://www.youtube.com/watch?v=xCAfQDzvki0,0:00:37.00 -> 0:00:41.00,ashi_waza,ashi_waza_xCAfQDzvki0_luta10_sub01.mp4
xCAfQDzvki0,CBJ TV,https://www.youtube.com/watch?v=xCAfQDzvki0,0:04:10.00 -> 0:04:14.00,ashi_waza,ashi_waza_xCAfQDzvki0_luta10_sub04.mp4
xCAfQDzvki0,CBJ TV,https://www.youtube.com/watch?v=xCAfQDzvki0,0:06:51.00 -> 0:06:55.00,ashi_waza,ashi_waza_xCAfQDzvki0_luta10_sub06.mp4
xCAfQDzvki0,CBJ TV,https://www.youtube.com/watch?v=xCAfQDzvki0,0:07:10.00 -> 0:07:14.00,ashi_waza,ashi_waza_xCAfQDzvki0_luta13_sub02.mp4
xCAfQDzvki0,CBJ TV,https://www.youtube.com/watch?v=xCAfQDzvki0,0:00:57.00 -> 0:01:01.00,ashi_waza,ashi_waza_xCAfQDzvki0_luta14_sub01.mp4
xCAfQDzvki0,CBJ TV,https://www.youtube.com/watch?v=xCAfQDzvki0,0:05:10.00 -> 0:05:14.00,ashi_waza,ashi_waza_xCAfQDzvki0_luta14_sub02.mp4
xCAfQDzvki0,CBJ TV,https://www.youtube.com/watch?v=xCAfQDzvki0,0:01:01.00 -> 0:01:05.00,ashi_waza,ashi_waza_xCAfQDzvki0_luta15_sub01.mp4
xCAfQDzvki0,CBJ TV,https://www.youtube.com/watch?v=xCAfQDzvki0,0:04:07.00 -> 0:04:11.00,ashi_waza,ashi_waza_xCAfQDzvki0_luta15_sub04.mp4
xCAfQDzvki0,CBJ TV,https://www.youtube.com/watch?v=xCAfQDzvki0,0:02:30.00 -> 0:02:34.00,ashi_waza,ashi_waza_xCAfQDzvki0_luta16_sub01.mp4
xCAfQDzvki0,CBJ TV,https://www.youtube.com/watch?v=xCAfQDzvki0,0:01:35.00 -> 0:01:39.00,ashi_waza,ashi_waza_xCAfQDzvki0_luta17_sub01.mp4
xCAfQDzvki0,CBJ TV,https://www.youtube.com/watch?v=xCAfQDzvki0,0:01:36.00 -> 0:01:40.00,ashi_waza,ashi_waza_xCAfQDzvki0_luta19_sub01.mp4
xCAfQDzvki0,CBJ TV,https://www.youtube.com/watch?v=xCAfQDzvki0,0:01:32.00 -> 0:01:36.00,ashi_waza,ashi_waza_xCAfQDzvki0_luta20_sub01.mp4
xCAfQDzvki0,CBJ TV,https://www.youtube.com/watch?v=xCAfQDzvki0,0:00:21.00 -> 0:00:25.00,ashi_waza,ashi_waza_xCAfQDzvki0_luta21_sub01.mp4
xCAfQDzvki0,CBJ TV,https://www.youtube.com/watch?v=xCAfQDzvki0,0:01:57.00 -> 0:02:01.00,ashi_waza,ashi_waza_xCAfQDzvki0_luta23_sub01.mp4
xCAfQDzvki0,CBJ TV,https://www.youtube.com/watch?v=xCAfQDzvki0,0:03:41.00 -> 0:03:45.00,ashi_waza,ashi_waza_xCAfQDzvki0_luta23_sub02.mp4
xCAfQDzvki0,CBJ TV,https://www.youtube.com/watch?v=xCAfQDzvki0,0:00:25.00 -> 0:00:29.00,ashi_waza,ashi_waza_xCAfQDzvki0_luta25_sub01.mp4
xCAfQDzvki0,CBJ TV,https://www.youtube.com/watch?v=xCAfQDzvki0,0:00:51.00 -> 0:00:55.00,ashi_waza,ashi_waza_xCAfQDzvki0_luta26_sub01.mp4
xCAfQDzvki0,CBJ TV,https://www.youtube.com/watch?v=xCAfQDzvki0,0:00:43.00 -> 0:00:47.00,ashi_waza,ashi_waza_xCAfQDzvki0_luta27_sub01.mp4
xCAfQDzvki0,CBJ TV,https://www.youtube.com/watch?v=xCAfQDzvki0,0:02:55.00 -> 0:02:59.00,ashi_waza,ashi_waza_xCAfQDzvki0_luta27_sub02.mp4
xCAfQDzvki0,CBJ TV,https://www.youtube.com/watch?v=xCAfQDzvki0,0:01:49.00 -> 0:01:53.00,ashi_waza,ashi_waza_xCAfQDzvki0_luta29_sub01.mp4
xCAfQDzvki0,CBJ TV,https://www.youtube.com/watch?v=xCAfQDzvki0,0:02:13.00 -> 0:02:17.00,sutemi_waza,sutemi_waza_xCAfQDzvki0_luta29_sub02.mp4
xCAfQDzvki0,CBJ TV,https://www.youtube.com/watch?v=xCAfQDzvki0,0:01:21.00 -> 0:01:25.00,ashi_waza,ashi_waza_xCAfQDzvki0_luta32_sub01.mp4
xCAfQDzvki0,CBJ TV,https://www.youtube.com/watch?v=xCAfQDzvki0,0:02:53.00 -> 0:02:57.00,ashi_waza,ashi_waza_xCAfQDzvki0_luta32_sub03.mp4
xCAfQDzvki0,CBJ TV,https://www.youtube.com/watch?v=xCAfQDzvki0,0:05:25.00 -> 0:05:29.00,ashi_waza,ashi_waza_xCAfQDzvki0_luta32_sub04.mp4
xCAfQDzvki0,CBJ TV,https://www.youtube.com/watch?v=xCAfQDzvki0,0:05:53.00 -> 0:05:57.00,ashi_waza,ashi_waza_xCAfQDzvki0_luta32_sub05.mp4
xCAfQDzvki0,CBJ TV,https://www.youtube.com/watch?v=xCAfQDzvki0,0:00:35.00 -> 0:00:39.00,ashi_waza,ashi_waza_xCAfQDzvki0_luta33_sub01.mp4
xCAfQDzvki0,CBJ TV,https://www.youtube.com/watch?v=xCAfQDzvki0,0:01:39.00 -> 0:01:43.00,ashi_waza,ashi_waza_xCAfQDzvki0_luta33_sub02.mp4
xCAfQDzvki0,CBJ TV,https://www.youtube.com/watch?v=xCAfQDzvki0,0:03:27.00 -> 0:03:31.00,ashi_waza,ashi_waza_xCAfQDzvki0_luta33_sub03.mp4
xCAfQDzvki0,CBJ TV,https://www.youtube.com/watch?v=xCAfQDzvki0,0:04:29.00 -> 0:04:33.00,ashi_waza,ashi_waza_xCAfQDzvki0_luta33_sub05.mp4
xCAfQDzvki0,CBJ TV,https://www.youtube.com/watch?v=xCAfQDzvki0,0:06:55.00 -> 0:06:59.00,ashi_waza,ashi_waza_xCAfQDzvki0_luta33_sub06.mp4
xCAfQDzvki0,CBJ TV,https://www.youtube.com/watch?v=xCAfQDzvki0,0:02:06.00 -> 0:02:10.00,ashi_waza,ashi_waza_xCAfQDzvki0_luta34_sub02.mp4
xCAfQDzvki0,CBJ TV,https://www.youtube.com/watch?v=xCAfQDzvki0,0:02:31.00 -> 0:02:35.00,ashi_waza,ashi_waza_xCAfQDzvki0_luta34_sub03.mp4
xCAfQDzvki0,CBJ TV,https://www.youtube.com/watch?v=xCAfQDzvki0,0:06:06.00 -> 0:06:10.00,ashi_waza,ashi_waza_xCAfQDzvki0_luta34_sub05.mp4
xCAfQDzvki0,CBJ TV,https://www.youtube.com/watch?v=xCAfQDzvki0,0:01:34.00 -> 0:01:38.00,ashi_waza,ashi_waza_xCAfQDzvki0_luta36_sub01.mp4
xCAfQDzvki0,CBJ TV,https://www.youtube.com/watch?v=xCAfQDzvki0,0:02:06.00 -> 0:02:10.00,ashi_waza,ashi_waza_xCAfQDzvki0_luta36_sub02.mp4
xCAfQDzvki0,CBJ TV,https://www.youtube.com/watch?v=xCAfQDzvki0,0:05:32.00 -> 0:05:36.00,ashi_waza,ashi_waza_xCAfQDzvki0_luta36_sub03.mp4
xCAfQDzvki0,CBJ TV,https://www.youtube.com/watch?v=xCAfQDzvki0,0:07:30.00 -> 0:07:34.00,ashi_waza,ashi_waza_xCAfQDzvki0_luta36_sub05.mp4
xCAfQDzvki0,CBJ TV,https://www.youtube.com/watch?v=xCAfQDzvki0,0:10:08.00 -> 0:10:12.00,ashi_waza,ashi_waza_xCAfQDzvki0_luta36_sub06.mp4
xCAfQDzvki0,CBJ TV,https://www.youtube.com/watch?v=xCAfQDzvki0,0:02:41.00 -> 0:02:45.00,ashi_waza,ashi_waza_xCAfQDzvki0_luta38_sub01.mp4
xCAfQDzvki0,CBJ TV,https://www.youtube.com/watch?v=xCAfQDzvki0,0:03:52.00 -> 0:03:56.00,ashi_waza,ashi_waza_xCAfQDzvki0_luta39_sub01.mp4
xCAfQDzvki0,CBJ TV,https://www.youtube.com/watch?v=xCAfQDzvki0,0:04:19.00 -> 0:04:23.00,ashi_waza,ashi_waza_xCAfQDzvki0_luta39_sub02.mp4
xCAfQDzvki0,CBJ TV,https://www.youtube.com/watch?v=xCAfQDzvki0,0:05:43.00 -> 0:05:47.00,ashi_waza,ashi_waza_xCAfQDzvki0_luta39_sub03.mp4
xCAfQDzvki0,CBJ TV,https://www.youtube.com/watch?v=xCAfQDzvki0,0:06:08.00 -> 0:06:12.00,ashi_waza,ashi_waza_xCAfQDzvki0_luta39_sub04.mp4
xCAfQDzvki0,CBJ TV,https://www.youtube.com/watch?v=xCAfQDzvki0,0:01:30.00 -> 0:01:34.00,ashi_waza,ashi_waza_xCAfQDzvki0_luta41_sub02.mp4
xCAfQDzvki0,CBJ TV,https://www.youtube.com/watch?v=xCAfQDzvki0,0:01:52.00 -> 0:01:56.00,ashi_waza,ashi_waza_xCAfQDzvki0_luta41_sub03.mp4
xCAfQDzvki0,CBJ TV,https://www.youtube.com/watch?v=xCAfQDzvki0,0:02:28.00 -> 0:02:32.00,ashi_waza,ashi_waza_xCAfQDzvki0_luta41_sub04.mp4
xCAfQDzvki0,CBJ TV,https://www.youtube.com/watch?v=xCAfQDzvki0,0:03:22.00 -> 0:03:26.00,ashi_waza,ashi_waza_xCAfQDzvki0_luta41_sub05.mp4
xCAfQDzvki0,CBJ TV,https://www.youtube.com/watch?v=xCAfQDzvki0,0:05:39.00 -> 0:05:43.00,ashi_waza,ashi_waza_xCAfQDzvki0_luta41_sub08.mp4
xCAfQDzvki0,CBJ TV,https://www.youtube.com/watch?v=xCAfQDzvki0,0:00:28.00 -> 0:00:32.00,ashi_waza,ashi_waza_xCAfQDzvki0_luta42_sub01.mp4
xCAfQDzvki0,CBJ TV,https://www.youtube.com/watch?v=xCAfQDzvki0,0:00:44.00 -> 0:00:48.00,ashi_waza,ashi_waza_xCAfQDzvki0_luta42_sub02.mp4
2M0AufUQqrY,CBJ TV,https://www.youtube.com/watch?v=2M0AufUQqrY,0:02:29.96 -> 0:02:32.35,sutemi_waza,sutemi_waza_2M0AufUQqrY_luta01_sub01.mp4
2M0AufUQqrY,CBJ TV,https://www.youtube.com/watch?v=2M0AufUQqrY,0:07:09.97 -> 0:07:12.54,ashi_waza,ashi_waza_2M0AufUQqrY_luta01_sub04.mp4
2M0AufUQqrY,CBJ TV,https://www.youtube.com/watch?v=2M0AufUQqrY,0:09:31.13 -> 0:09:33.56,sutemi_waza,sutemi_waza_2M0AufUQqrY_luta01_sub08.mp4
2M0AufUQqrY,CBJ TV,https://www.youtube.com/watch?v=2M0AufUQqrY,0:03:21.12 -> 0:03:24.42,ashi_waza,ashi_waza_2M0AufUQqrY_luta02_sub01.mp4
2M0AufUQqrY,CBJ TV,https://www.youtube.com/watch?v=2M0AufUQqrY,0:05:14.41 -> 0:05:17.14,sutemi_waza,sutemi_waza_2M0AufUQqrY_luta03_sub05.mp4
2M0AufUQqrY,CBJ TV,https://www.youtube.com/watch?v=2M0AufUQqrY,0:01:52.79 -> 0:01:55.52,te_waza,te_waza_2M0AufUQqrY_luta08_sub01.mp4
2M0AufUQqrY,CBJ TV,https://www.youtube.com/watch?v=2M0AufUQqrY,0:00:51.86 -> 0:00:53.79,ashi_waza,ashi_waza_2M0AufUQqrY_luta12_sub01.mp4
2M0AufUQqrY,CBJ TV,https://www.youtube.com/watch?v=2M0AufUQqrY,0:02:05.43 -> 0:02:08.66,ashi_waza,ashi_waza_2M0AufUQqrY_luta13_sub01.mp4
2M0AufUQqrY,CBJ TV,https://www.youtube.com/watch?v=2M0AufUQqrY,0:00:23.53 -> 0:00:25.46,sutemi_waza,sutemi_waza_2M0AufUQqrY_luta16_sub01.mp4
2M0AufUQqrY,CBJ TV,https://www.youtube.com/watch?v=2M0AufUQqrY,0:01:57.25 -> 0:01:59.32,sutemi_waza,sutemi_waza_2M0AufUQqrY_luta16_sub02.mp4
2M0AufUQqrY,CBJ TV,https://www.youtube.com/watch?v=2M0AufUQqrY,0:01:41.19 -> 0:01:43.73,sutemi_waza,sutemi_waza_2M0AufUQqrY_luta20_sub02.mp4
2M0AufUQqrY,CBJ TV,https://www.youtube.com/watch?v=2M0AufUQqrY,0:04:31.31 -> 0:04:33.51,ashi_waza,ashi_waza_2M0AufUQqrY_luta21_sub01.mp4
2M0AufUQqrY,CBJ TV,https://www.youtube.com/watch?v=2M0AufUQqrY,0:01:28.43 -> 0:01:31.56,sutemi_waza,sutemi_waza_2M0AufUQqrY_luta23_sub02.mp4
3CMuw3ljBlQ,CBJ TV,https://www.youtube.com/watch?v=3CMuw3ljBlQ,0:03:00.00 -> 0:03:04.00,sutemi_waza,sutemi_waza_3CMuw3ljBlQ_luta01_sub03.mp4
3CMuw3ljBlQ,CBJ TV,https://www.youtube.com/watch?v=3CMuw3ljBlQ,0:03:31.00 -> 0:03:35.00,te_waza,te_waza_3CMuw3ljBlQ_luta01_sub04.mp4
3CMuw3ljBlQ,CBJ TV,https://www.youtube.com/watch?v=3CMuw3ljBlQ,0:00:59.00 -> 0:01:03.00,sutemi_waza,sutemi_waza_3CMuw3ljBlQ_luta02_sub01.mp4
3CMuw3ljBlQ,CBJ TV,https://www.youtube.com/watch?v=3CMuw3ljBlQ,0:00:31.00 -> 0:00:35.00,sutemi_waza,sutemi_waza_3CMuw3ljBlQ_luta03_sub01.mp4
3CMuw3ljBlQ,CBJ TV,https://www.youtube.com/watch?v=3CMuw3ljBlQ,0:04:25.00 -> 0:04:29.00,sutemi_waza,sutemi_waza_3CMuw3ljBlQ_luta03_sub06.mp4
3CMuw3ljBlQ,CBJ TV,https://www.youtube.com/watch?v=3CMuw3ljBlQ,0:00:25.00 -> 0:00:29.00,sutemi_waza,sutemi_waza_3CMuw3ljBlQ_luta06_sub01.mp4
3CMuw3ljBlQ,CBJ TV,https://www.youtube.com/watch?v=3CMuw3ljBlQ,0:01:15.00 -> 0:01:19.00,ashi_waza,ashi_waza_3CMuw3ljBlQ_luta07_sub01.mp4
3CMuw3ljBlQ,CBJ TV,https://www.youtube.com/watch?v=3CMuw3ljBlQ,0:05:14.00 -> 0:05:18.00,sutemi_waza,sutemi_waza_3CMuw3ljBlQ_luta07_sub04.mp4
3CMuw3ljBlQ,CBJ TV,https://www.youtube.com/watch?v=3CMuw3ljBlQ,0:05:36.00 -> 0:05:40.00,sutemi_waza,sutemi_waza_3CMuw3ljBlQ_luta07_sub05.mp4
3CMuw3ljBlQ,CBJ TV,https://www.youtube.com/watch?v=3CMuw3ljBlQ,0:06:01.00 -> 0:06:05.00,sutemi_waza,sutemi_waza_3CMuw3ljBlQ_luta07_sub06.mp4
3CMuw3ljBlQ,CBJ TV,https://www.youtube.com/watch?v=3CMuw3ljBlQ,0:01:53.00 -> 0:01:57.00,te_waza,te_waza_3CMuw3ljBlQ_luta08_sub02.mp4
3CMuw3ljBlQ,CBJ TV,https://www.youtube.com/watch?v=3CMuw3ljBlQ,0:04:48.00 -> 0:04:52.00,sutemi_waza,sutemi_waza_3CMuw3ljBlQ_luta09_sub02.mp4
3CMuw3ljBlQ,CBJ TV,https://www.youtube.com/watch?v=3CMuw3ljBlQ,0:05:19.00 -> 0:05:23.00,sutemi_waza,sutemi_waza_3CMuw3ljBlQ_luta15_sub03.mp4
3CMuw3ljBlQ,CBJ TV,https://www.youtube.com/watch?v=3CMuw3ljBlQ,0:02:05.00 -> 0:02:09.00,sutemi_waza,sutemi_waza_3CMuw3ljBlQ_luta17_sub03.mp4
3CMuw3ljBlQ,CBJ TV,https://www.youtube.com/watch?v=3CMuw3ljBlQ,0:03:25.00 -> 0:03:29.00,sutemi_waza,sutemi_waza_3CMuw3ljBlQ_luta17_sub04.mp4
3CMuw3ljBlQ,CBJ TV,https://www.youtube.com/watch?v=3CMuw3ljBlQ,0:01:17.00 -> 0:01:21.00,sutemi_waza,sutemi_waza_3CMuw3ljBlQ_luta18_sub02.mp4
3CMuw3ljBlQ,CBJ TV,https://www.youtube.com/watch?v=3CMuw3ljBlQ,0:00:51.00 -> 0:00:55.00,ashi_waza,ashi_waza_3CMuw3ljBlQ_luta21_sub01.mp4
3mcFb0cA808,CBJ TV,https://www.youtube.com/watch?v=3mcFb0cA808,0:07:30.48 -> 0:07:32.92,sutemi_waza,sutemi_waza_3mcFb0cA808_luta03_sub01.mp4
7kxSClwagmU,Judo Spirit,https://www.youtube.com/watch?v=7kxSClwagmU,0:00:14.93 -> 0:00:17.20,sutemi_waza,sutemi_waza_7kxSClwagmU_luta01.mp4
7kxSClwagmU,Judo Spirit,https://www.youtube.com/watch?v=7kxSClwagmU,0:00:23.37 -> 0:00:26.16,sutemi_waza,sutemi_waza_7kxSClwagmU_luta02.mp4
7kxSClwagmU,Judo Spirit,https://www.youtube.com/watch?v=7kxSClwagmU,0:00:28.90 -> 0:00:32.43,sutemi_waza,sutemi_waza_7kxSClwagmU_luta03.mp4
7kxSClwagmU,Judo Spirit,https://www.youtube.com/watch?v=7kxSClwagmU,0:00:44.83 -> 0:00:47.73,sutemi_waza,sutemi_waza_7kxSClwagmU_luta04.mp4
7kxSClwagmU,Judo Spirit,https://www.youtube.com/watch?v=7kxSClwagmU,0:01:03.56 -> 0:01:06.50,sutemi_waza,sutemi_waza_7kxSClwagmU_luta05.mp4
7kxSClwagmU,Judo Spirit,https://www.youtube.com/watch?v=7kxSClwagmU,0:01:22.56 -> 0:01:24.36,sutemi_waza,sutemi_waza_7kxSClwagmU_luta08.mp4
7kxSClwagmU,Judo Spirit,https://www.youtube.com/watch?v=7kxSClwagmU,0:01:28.23 -> 0:01:31.23,sutemi_waza,sutemi_waza_7kxSClwagmU_luta09.mp4
7kxSClwagmU,Judo Spirit,https://www.youtube.com/watch?v=7kxSClwagmU,0:01:39.36 -> 0:01:42.19,sutemi_waza,sutemi_waza_7kxSClwagmU_luta10.mp4
7kxSClwagmU,Judo Spirit,https://www.youtube.com/watch?v=7kxSClwagmU,0:01:44.59 -> 0:01:47.89,sutemi_waza,sutemi_waza_7kxSClwagmU_luta11.mp4
7kxSClwagmU,Judo Spirit,https://www.youtube.com/watch?v=7kxSClwagmU,0:01:53.39 -> 0:01:56.53,sutemi_waza,sutemi_waza_7kxSClwagmU_luta12.mp4
9kw7Wa16CCM,Judo Highlights,https://www.youtube.com/watch?v=9kw7Wa16CCM,0:00:05.20 -> 0:00:09.43,sutemi_waza,sutemi_waza_9kw7Wa16CCM_luta01.mp4
9kw7Wa16CCM,Judo Highlights,https://www.youtube.com/watch?v=9kw7Wa16CCM,0:01:12.73 -> 0:01:16.20,sutemi_waza,sutemi_waza_9kw7Wa16CCM_luta04.mp4
9kw7Wa16CCM,Judo Highlights,https://www.youtube.com/watch?v=9kw7Wa16CCM,0:01:24.93 -> 0:01:27.83,sutemi_waza,sutemi_waza_9kw7Wa16CCM_luta05.mp4
9kw7Wa16CCM,Judo Highlights,https://www.youtube.com/watch?v=9kw7Wa16CCM,0:01:44.16 -> 0:01:47.40,sutemi_waza,sutemi_waza_9kw7Wa16CCM_luta06.mp4
9kw7Wa16CCM,Judo Highlights,https://www.youtube.com/watch?v=9kw7Wa16CCM,0:02:00.56 -> 0:02:04.70,sutemi_waza,sutemi_waza_9kw7Wa16CCM_luta08.mp4
9kw7Wa16CCM,Judo Highlights,https://www.youtube.com/watch?v=9kw7Wa16CCM,0:02:58.06 -> 0:03:01.69,sutemi_waza,sutemi_waza_9kw7Wa16CCM_luta12.mp4
9kw7Wa16CCM,Judo Highlights,https://www.youtube.com/watch?v=9kw7Wa16CCM,0:03:17.72 -> 0:03:22.06,sutemi_waza,sutemi_waza_9kw7Wa16CCM_luta13.mp4
9kw7Wa16CCM,Judo Highlights,https://www.youtube.com/watch?v=9kw7Wa16CCM,0:04:07.59 -> 0:04:10.15,sutemi_waza,sutemi_waza_9kw7Wa16CCM_luta15.mp4
9kw7Wa16CCM,Judo Highlights,https://www.youtube.com/watch?v=9kw7Wa16CCM,0:04:47.08 -> 0:04:49.75,sutemi_waza,sutemi_waza_9kw7Wa16CCM_luta18.mp4
9kw7Wa16CCM,Judo Highlights,https://www.youtube.com/watch?v=9kw7Wa16CCM,0:04:58.55 -> 0:05:01.78,sutemi_waza,sutemi_waza_9kw7Wa16CCM_luta19.mp4
9kw7Wa16CCM,Judo Highlights,https://www.youtube.com/watch?v=9kw7Wa16CCM,0:05:24.85 -> 0:05:27.85,sutemi_waza,sutemi_waza_9kw7Wa16CCM_luta22.mp4
9kw7Wa16CCM,Judo Highlights,https://www.youtube.com/watch?v=9kw7Wa16CCM,0:05:46.72 -> 0:05:49.25,sutemi_waza,sutemi_waza_9kw7Wa16CCM_luta23.mp4
9kw7Wa16CCM,Judo Highlights,https://www.youtube.com/watch?v=9kw7Wa16CCM,0:06:13.45 -> 0:06:16.01,sutemi_waza,sutemi_waza_9kw7Wa16CCM_luta24.mp4
9kw7Wa16CCM,Judo Highlights,https://www.youtube.com/watch?v=9kw7Wa16CCM,0:06:40.85 -> 0:06:43.08,sutemi_waza,sutemi_waza_9kw7Wa16CCM_luta25.mp4
HjpFyANDRas,Ochiru,https://www.youtube.com/watch?v=HjpFyANDRas,0:00:04.40 -> 0:00:06.93,sutemi_waza,sutemi_waza_HjpFyANDRas_luta01.mp4
HjpFyANDRas,Ochiru,https://www.youtube.com/watch?v=HjpFyANDRas,0:00:10.47 -> 0:00:13.73,sutemi_waza,sutemi_waza_HjpFyANDRas_luta02.mp4
HjpFyANDRas,Ochiru,https://www.youtube.com/watch?v=HjpFyANDRas,0:00:42.73 -> 0:00:45.00,sutemi_waza,sutemi_waza_HjpFyANDRas_luta06.mp4
HjpFyANDRas,Ochiru,https://www.youtube.com/watch?v=HjpFyANDRas,0:00:48.56 -> 0:00:50.56,sutemi_waza,sutemi_waza_HjpFyANDRas_luta07.mp4
HjpFyANDRas,Ochiru,https://www.youtube.com/watch?v=HjpFyANDRas,0:00:51.13 -> 0:00:53.40,sutemi_waza,sutemi_waza_HjpFyANDRas_luta08.mp4
HjpFyANDRas,Ochiru,https://www.youtube.com/watch?v=HjpFyANDRas,0:01:02.13 -> 0:01:03.80,sutemi_waza,sutemi_waza_HjpFyANDRas_luta09.mp4
HjpFyANDRas,Ochiru,https://www.youtube.com/watch?v=HjpFyANDRas,0:01:16.13 -> 0:01:18.03,sutemi_waza,sutemi_waza_HjpFyANDRas_luta11.mp4
HjpFyANDRas,Ochiru,https://www.youtube.com/watch?v=HjpFyANDRas,0:01:20.56 -> 0:01:23.33,sutemi_waza,sutemi_waza_HjpFyANDRas_luta12.mp4
HjpFyANDRas,Ochiru,https://www.youtube.com/watch?v=HjpFyANDRas,0:01:30.26 -> 0:01:33.06,sutemi_waza,sutemi_waza_HjpFyANDRas_luta14.mp4
HjpFyANDRas,Ochiru,https://www.youtube.com/watch?v=HjpFyANDRas,0:01:43.30 -> 0:01:45.66,sutemi_waza,sutemi_waza_HjpFyANDRas_luta16.mp4
HjpFyANDRas,Ochiru,https://www.youtube.com/watch?v=HjpFyANDRas,0:01:49.76 -> 0:01:52.86,sutemi_waza,sutemi_waza_HjpFyANDRas_luta17.mp4
HjpFyANDRas,Ochiru,https://www.youtube.com/watch?v=HjpFyANDRas,0:03:00.56 -> 0:03:02.53,sutemi_waza,sutemi_waza_HjpFyANDRas_luta28.mp4
JTTP_kAAX7k,CBJ TV,https://www.youtube.com/watch?v=JTTP_kAAX7k,0:01:23.00 -> 0:01:27.00,te_waza,te_waza_JTTP_kAAX7k_luta05_sub01.mp4
JTTP_kAAX7k,CBJ TV,https://www.youtube.com/watch?v=JTTP_kAAX7k,0:01:54.00 -> 0:01:58.00,sutemi_waza,sutemi_waza_JTTP_kAAX7k_luta08_sub01.mp4
JTTP_kAAX7k,CBJ TV,https://www.youtube.com/watch?v=JTTP_kAAX7k,0:06:10.00 -> 0:06:14.00,sutemi_waza,sutemi_waza_JTTP_kAAX7k_luta11_sub02.mp4
JTTP_kAAX7k,CBJ TV,https://www.youtube.com/watch?v=JTTP_kAAX7k,0:07:23.00 -> 0:07:27.00,sutemi_waza,sutemi_waza_JTTP_kAAX7k_luta11_sub04.mp4
JTTP_kAAX7k,CBJ TV,https://www.youtube.com/watch?v=JTTP_kAAX7k,0:00:01.00 -> 0:00:05.00,sutemi_waza,sutemi_waza_JTTP_kAAX7k_luta13_sub01.mp4
KJoE31ErlHY,CBJ TV,https://www.youtube.com/watch?v=KJoE31ErlHY,0:05:28.68 -> 0:05:30.68,sutemi_waza,sutemi_waza_KJoE31ErlHY_luta03_sub02.mp4
KJoE31ErlHY,CBJ TV,https://www.youtube.com/watch?v=KJoE31ErlHY,0:00:12.00 -> 0:00:16.00,sutemi_waza,sutemi_waza_KJoE31ErlHY_luta05_sub01.mp4
KJoE31ErlHY,CBJ TV,https://www.youtube.com/watch?v=KJoE31ErlHY,0:05:46.00 -> 0:05:50.00,sutemi_waza,sutemi_waza_KJoE31ErlHY_luta11_sub04.mp4
KQ42cd2XwEY,CBJ TV,https://www.youtube.com/watch?v=KQ42cd2XwEY,0:05:34.72 -> 0:05:36.72,sutemi_waza,sutemi_waza_KQ42cd2XwEY_luta02_sub03.mp4
KQ42cd2XwEY,CBJ TV,https://www.youtube.com/watch?v=KQ42cd2XwEY,0:00:41.77 -> 0:00:44.27,sutemi_waza,sutemi_waza_KQ42cd2XwEY_luta03_sub01.mp4
KQ42cd2XwEY,CBJ TV,https://www.youtube.com/watch?v=KQ42cd2XwEY,0:05:09.27 -> 0:05:11.54,sutemi_waza,sutemi_waza_KQ42cd2XwEY_luta04_sub01.mp4
KQ42cd2XwEY,CBJ TV,https://www.youtube.com/watch?v=KQ42cd2XwEY,0:01:14.79 -> 0:01:17.59,te_waza,te_waza_KQ42cd2XwEY_luta07_sub02.mp4
KQ42cd2XwEY,CBJ TV,https://www.youtube.com/watch?v=KQ42cd2XwEY,0:04:45.54 -> 0:04:48.28,sutemi_waza,sutemi_waza_KQ42cd2XwEY_luta07_sub03.mp4
KQ42cd2XwEY,CBJ TV,https://www.youtube.com/watch?v=KQ42cd2XwEY,0:03:57.35 -> 0:04:00.05,sutemi_waza,sutemi_waza_KQ42cd2XwEY_luta08_sub03.mp4
KQ42cd2XwEY,CBJ TV,https://www.youtube.com/watch?v=KQ42cd2XwEY,0:04:40.07 -> 0:04:43.27,sutemi_waza,sutemi_waza_KQ42cd2XwEY_luta08_sub04.mp4
KQ42cd2XwEY,CBJ TV,https://www.youtube.com/watch?v=KQ42cd2XwEY,0:02:24.37 -> 0:02:26.30,sutemi_waza,sutemi_waza_KQ42cd2XwEY_luta09_sub01.mp4
KQ42cd2XwEY,CBJ TV,https://www.youtube.com/watch?v=KQ42cd2XwEY,0:02:28.92 -> 0:02:31.65,ashi_waza,ashi_waza_KQ42cd2XwEY_luta10_sub02.mp4
KQ42cd2XwEY,CBJ TV,https://www.youtube.com/watch?v=KQ42cd2XwEY,0:04:08.64 -> 0:04:11.31,sutemi_waza,sutemi_waza_KQ42cd2XwEY_luta10_sub04.mp4
KQ42cd2XwEY,CBJ TV,https://www.youtube.com/watch?v=KQ42cd2XwEY,0:00:33.76 -> 0:00:36.96,te_waza,te_waza_KQ42cd2XwEY_luta11_sub01.mp4
KQ42cd2XwEY,CBJ TV,https://www.youtube.com/watch?v=KQ42cd2XwEY,0:01:16.29 -> 0:01:18.72,sutemi_waza,sutemi_waza_KQ42cd2XwEY_luta13_sub01.mp4
KQ42cd2XwEY,CBJ TV,https://www.youtube.com/watch?v=KQ42cd2XwEY,0:05:34.14 -> 0:05:37.50,sutemi_waza,sutemi_waza_KQ42cd2XwEY_luta13_sub03.mp4
KQ42cd2XwEY,CBJ TV,https://www.youtube.com/watch?v=KQ42cd2XwEY,0:02:51.35 -> 0:02:53.98,sutemi_waza,sutemi_waza_KQ42cd2XwEY_luta14_sub01.mp4
S4sz6Cu0a0A,CBJ TV,https://www.youtube.com/watch?v=S4sz6Cu0a0A,0:03:35.00 -> 0:03:39.00,sutemi_waza,sutemi_waza_S4sz6Cu0a0A_luta16_sub03.mp4
S4sz6Cu0a0A,CBJ TV,https://www.youtube.com/watch?v=S4sz6Cu0a0A,0:00:20.00 -> 0:00:24.00,sutemi_waza,sutemi_waza_S4sz6Cu0a0A_luta20_sub01.mp4
S4sz6Cu0a0A,CBJ TV,https://www.youtube.com/watch?v=S4sz6Cu0a0A,0:02:09.00 -> 0:02:13.00,sutemi_waza,sutemi_waza_S4sz6Cu0a0A_luta20_sub03.mp4
S4sz6Cu0a0A,CBJ TV,https://www.youtube.com/watch?v=S4sz6Cu0a0A,0:02:33.00 -> 0:02:37.00,sutemi_waza,sutemi_waza_S4sz6Cu0a0A_luta20_sub04.mp4
S4sz6Cu0a0A,CBJ TV,https://www.youtube.com/watch?v=S4sz6Cu0a0A,0:03:12.00 -> 0:03:16.00,sutemi_waza,sutemi_waza_S4sz6Cu0a0A_luta22_sub01.mp4
Wa2koy9Wlx0,CBJ TV,https://www.youtube.com/watch?v=Wa2koy9Wlx0,0:04:30.21 -> 0:04:32.47,ashi_waza,ashi_waza_Wa2koy9Wlx0_luta01_sub02.mp4
Wa2koy9Wlx0,CBJ TV,https://www.youtube.com/watch?v=Wa2koy9Wlx0,0:04:26.13 -> 0:04:30.36,sutemi_waza,sutemi_waza_Wa2koy9Wlx0_luta06_sub02.mp4
Wa2koy9Wlx0,CBJ TV,https://www.youtube.com/watch?v=Wa2koy9Wlx0,0:01:20.66 -> 0:01:22.49,sutemi_waza,sutemi_waza_Wa2koy9Wlx0_luta07_sub01.mp4
Wa2koy9Wlx0,CBJ TV,https://www.youtube.com/watch?v=Wa2koy9Wlx0,0:02:49.55 -> 0:02:52.32,te_waza,te_waza_Wa2koy9Wlx0_luta07_sub03.mp4
Wa2koy9Wlx0,CBJ TV,https://www.youtube.com/watch?v=Wa2koy9Wlx0,0:00:45.76 -> 0:00:47.56,ashi_waza,ashi_waza_Wa2koy9Wlx0_luta11_sub01.mp4
Wa2koy9Wlx0,CBJ TV,https://www.youtube.com/watch?v=Wa2koy9Wlx0,0:01:22.66 -> 0:01:24.79,ashi_waza,ashi_waza_Wa2koy9Wlx0_luta11_sub02.mp4
Wa2koy9Wlx0,CBJ TV,https://www.youtube.com/watch?v=Wa2koy9Wlx0,0:03:00.58 -> 0:03:03.35,sutemi_waza,sutemi_waza_Wa2koy9Wlx0_luta11_sub05.mp4
Wa2koy9Wlx0,CBJ TV,https://www.youtube.com/watch?v=Wa2koy9Wlx0,0:01:05.50 -> 0:01:08.03,sutemi_waza,sutemi_waza_Wa2koy9Wlx0_luta13_sub01.mp4
Wa2koy9Wlx0,CBJ TV,https://www.youtube.com/watch?v=Wa2koy9Wlx0,0:01:37.79 -> 0:01:40.19,sutemi_waza,sutemi_waza_Wa2koy9Wlx0_luta14_sub02.mp4
Wa2koy9Wlx0,CBJ TV,https://www.youtube.com/watch?v=Wa2koy9Wlx0,0:00:35.56 -> 0:00:37.90,sutemi_waza,sutemi_waza_Wa2koy9Wlx0_luta16_sub01.mp4
Wa2koy9Wlx0,CBJ TV,https://www.youtube.com/watch?v=Wa2koy9Wlx0,0:00:46.20 -> 0:00:48.59,sutemi_waza,sutemi_waza_Wa2koy9Wlx0_luta19_sub01.mp4
Wa2koy9Wlx0,CBJ TV,https://www.youtube.com/watch?v=Wa2koy9Wlx0,0:00:27.40 -> 0:00:28.80,ashi_waza,ashi_waza_Wa2koy9Wlx0_luta20_sub01.mp4
Wa2koy9Wlx0,CBJ TV,https://www.youtube.com/watch?v=Wa2koy9Wlx0,0:06:12.31 -> 0:06:13.94,ashi_waza,ashi_waza_Wa2koy9Wlx0_luta21_sub01.mp4
lX7brd9T1-s,CBJ TV,https://www.youtube.com/watch?v=lX7brd9T1-s,0:00:24.00 -> 0:00:28.00,sutemi_waza,sutemi_waza_lX7brd9T1-s_luta04_sub01.mp4
lX7brd9T1-s,CBJ TV,https://www.youtube.com/watch?v=lX7brd9T1-s,0:02:33.00 -> 0:02:37.00,sutemi_waza,sutemi_waza_lX7brd9T1-s_luta04_sub04.mp4
lX7brd9T1-s,CBJ TV,https://www.youtube.com/watch?v=lX7brd9T1-s,0:04:58.00 -> 0:05:02.00,sutemi_waza,sutemi_waza_lX7brd9T1-s_luta09_sub01.mp4
lX7brd9T1-s,CBJ TV,https://www.youtube.com/watch?v=lX7brd9T1-s,0:06:06.00 -> 0:06:10.00,sutemi_waza,sutemi_waza_lX7brd9T1-s_luta09_sub03.mp4
lX7brd9T1-s,CBJ TV,https://www.youtube.com/watch?v=lX7brd9T1-s,0:07:22.00 -> 0:07:26.00,sutemi_waza,sutemi_waza_lX7brd9T1-s_luta09_sub04.mp4
lX7brd9T1-s,CBJ TV,https://www.youtube.com/watch?v=lX7brd9T1-s,0:02:15.00 -> 0:02:19.00,sutemi_waza,sutemi_waza_lX7brd9T1-s_luta11_sub01.mp4
lX7brd9T1-s,CBJ TV,https://www.youtube.com/watch?v=lX7brd9T1-s,0:03:09.00 -> 0:03:13.00,sutemi_waza,sutemi_waza_lX7brd9T1-s_luta11_sub02.mp4
lX7brd9T1-s,CBJ TV,https://www.youtube.com/watch?v=lX7brd9T1-s,0:08:09.00 -> 0:08:13.00,sutemi_waza,sutemi_waza_lX7brd9T1-s_luta12_sub07.mp4
lX7brd9T1-s,CBJ TV,https://www.youtube.com/watch?v=lX7brd9T1-s,0:01:22.00 -> 0:01:26.00,sutemi_waza,sutemi_waza_lX7brd9T1-s_luta13_sub01.mp4
lX7brd9T1-s,CBJ TV,https://www.youtube.com/watch?v=lX7brd9T1-s,0:03:34.00 -> 0:03:38.00,sutemi_waza,sutemi_waza_lX7brd9T1-s_luta13_sub03.mp4
lX7brd9T1-s,CBJ TV,https://www.youtube.com/watch?v=lX7brd9T1-s,0:04:11.00 -> 0:04:15.00,sutemi_waza,sutemi_waza_lX7brd9T1-s_luta13_sub04.mp4
lX7brd9T1-s,CBJ TV,https://www.youtube.com/watch?v=lX7brd9T1-s,0:01:33.00 -> 0:01:37.00,sutemi_waza,sutemi_waza_lX7brd9T1-s_luta15_sub02.mp4
lX7brd9T1-s,CBJ TV,https://www.youtube.com/watch?v=lX7brd9T1-s,0:02:21.00 -> 0:02:25.00,sutemi_waza,sutemi_waza_lX7brd9T1-s_luta15_sub03.mp4
lX7brd9T1-s,CBJ TV,https://www.youtube.com/watch?v=lX7brd9T1-s,0:03:50.00 -> 0:03:54.00,ashi_waza,ashi_waza_lX7brd9T1-s_luta15_sub04.mp4
lX7brd9T1-s,CBJ TV,https://www.youtube.com/watch?v=lX7brd9T1-s,0:01:16.00 -> 0:01:20.00,sutemi_waza,sutemi_waza_lX7brd9T1-s_luta16_sub02.mp4
lX7brd9T1-s,CBJ TV,https://www.youtube.com/watch?v=lX7brd9T1-s,0:00:32.00 -> 0:00:36.00,sutemi_waza,sutemi_waza_lX7brd9T1-s_luta21_sub01.mp4
lX7brd9T1-s,CBJ TV,https://www.youtube.com/watch?v=lX7brd9T1-s,0:00:27.00 -> 0:00:31.00,ashi_waza,ashi_waza_lX7brd9T1-s_luta22_sub01.mp4
lX7brd9T1-s,CBJ TV,https://www.youtube.com/watch?v=lX7brd9T1-s,0:05:23.00 -> 0:05:27.00,te_waza,te_waza_lX7brd9T1-s_luta28_sub01.mp4
lX7brd9T1-s,CBJ TV,https://www.youtube.com/watch?v=lX7brd9T1-s,0:03:14.00 -> 0:03:18.00,ashi_waza,ashi_waza_lX7brd9T1-s_luta30_sub02.mp4
lX7brd9T1-s,CBJ TV,https://www.youtube.com/watch?v=lX7brd9T1-s,0:01:00.00 -> 0:01:04.00,sutemi_waza,sutemi_waza_lX7brd9T1-s_luta33_sub01.mp4
lX7brd9T1-s,CBJ TV,https://www.youtube.com/watch?v=lX7brd9T1-s,0:02:55.00 -> 0:02:59.00,te_waza,te_waza_lX7brd9T1-s_luta33_sub02.mp4
lX7brd9T1-s,CBJ TV,https://www.youtube.com/watch?v=lX7brd9T1-s,0:03:34.00 -> 0:03:38.00,sutemi_waza,sutemi_waza_lX7brd9T1-s_luta33_sub03.mp4
lX7brd9T1-s,CBJ TV,https://www.youtube.com/watch?v=lX7brd9T1-s,0:01:44.00 -> 0:01:48.00,sutemi_waza,sutemi_waza_lX7brd9T1-s_luta35_sub01.mp4
lX7brd9T1-s,CBJ TV,https://www.youtube.com/watch?v=lX7brd9T1-s,0:02:22.00 -> 0:02:26.00,te_waza,te_waza_lX7brd9T1-s_luta38_sub02.mp4
lX7brd9T1-s,CBJ TV,https://www.youtube.com/watch?v=lX7brd9T1-s,0:06:43.00 -> 0:06:47.00,sutemi_waza,sutemi_waza_lX7brd9T1-s_luta46_sub02.mp4
xCAfQDzvki0,CBJ TV,https://www.youtube.com/watch?v=xCAfQDzvki0,0:02:05.00 -> 0:02:09.00,sutemi_waza,sutemi_waza_xCAfQDzvki0_luta02_sub02.mp4
xCAfQDzvki0,CBJ TV,https://www.youtube.com/watch?v=xCAfQDzvki0,0:03:31.00 -> 0:03:35.00,sutemi_waza,sutemi_waza_xCAfQDzvki0_luta02_sub03.mp4
xCAfQDzvki0,CBJ TV,https://www.youtube.com/watch?v=xCAfQDzvki0,0:07:47.00 -> 0:07:51.00,sutemi_waza,sutemi_waza_xCAfQDzvki0_luta02_sub05.mp4
xCAfQDzvki0,CBJ TV,https://www.youtube.com/watch?v=xCAfQDzvki0,0:03:30.00 -> 0:03:34.00,te_waza,te_waza_xCAfQDzvki0_luta03_sub02.mp4
xCAfQDzvki0,CBJ TV,https://www.youtube.com/watch?v=xCAfQDzvki0,0:02:03.00 -> 0:02:07.00,sutemi_waza,sutemi_waza_xCAfQDzvki0_luta07_sub02.mp4
xCAfQDzvki0,CBJ TV,https://www.youtube.com/watch?v=xCAfQDzvki0,0:03:08.00 -> 0:03:12.00,sutemi_waza,sutemi_waza_xCAfQDzvki0_luta07_sub04.mp4
xCAfQDzvki0,CBJ TV,https://www.youtube.com/watch?v=xCAfQDzvki0,0:02:13.00 -> 0:02:17.00,sutemi_waza,sutemi_waza_xCAfQDzvki0_luta10_sub02.mp4
xCAfQDzvki0,CBJ TV,https://www.youtube.com/watch?v=xCAfQDzvki0,0:06:28.00 -> 0:06:32.00,sutemi_waza,sutemi_waza_xCAfQDzvki0_luta10_sub05.mp4
xCAfQDzvki0,CBJ TV,https://www.youtube.com/watch?v=xCAfQDzvki0,0:01:03.00 -> 0:01:07.00,sutemi_waza,sutemi_waza_xCAfQDzvki0_luta11_sub01.mp4
xCAfQDzvki0,CBJ TV,https://www.youtube.com/watch?v=xCAfQDzvki0,0:00:14.00 -> 0:00:18.00,sutemi_waza,sutemi_waza_xCAfQDzvki0_luta18_sub01.mp4
xCAfQDzvki0,CBJ TV,https://www.youtube.com/watch?v=xCAfQDzvki0,0:01:14.00 -> 0:01:18.00,sutemi_waza,sutemi_waza_xCAfQDzvki0_luta18_sub02.mp4
xCAfQDzvki0,CBJ TV,https://www.youtube.com/watch?v=xCAfQDzvki0,0:00:52.00 -> 0:00:56.00,sutemi_waza,sutemi_waza_xCAfQDzvki0_luta21_sub02.mp4
xCAfQDzvki0,CBJ TV,https://www.youtube.com/watch?v=xCAfQDzvki0,0:00:39.00 -> 0:00:43.00,sutemi_waza,sutemi_waza_xCAfQDzvki0_luta22_sub01.mp4
xCAfQDzvki0,CBJ TV,https://www.youtube.com/watch?v=xCAfQDzvki0,0:01:24.00 -> 0:01:28.00,sutemi_waza,sutemi_waza_xCAfQDzvki0_luta22_sub02.mp4
xCAfQDzvki0,CBJ TV,https://www.youtube.com/watch?v=xCAfQDzvki0,0:04:26.00 -> 0:04:30.00,sutemi_waza,sutemi_waza_xCAfQDzvki0_luta22_sub03.mp4
xCAfQDzvki0,CBJ TV,https://www.youtube.com/watch?v=xCAfQDzvki0,0:08:11.00 -> 0:08:15.00,te_waza,te_waza_xCAfQDzvki0_luta23_sub04.mp4
xCAfQDzvki0,CBJ TV,https://www.youtube.com/watch?v=xCAfQDzvki0,0:02:07.00 -> 0:02:11.00,sutemi_waza,sutemi_waza_xCAfQDzvki0_luta32_sub02.mp4
xCAfQDzvki0,CBJ TV,https://www.youtube.com/watch?v=xCAfQDzvki0,0:03:52.00 -> 0:03:56.00,sutemi_waza,sutemi_waza_xCAfQDzvki0_luta33_sub04.mp4
xCAfQDzvki0,CBJ TV,https://www.youtube.com/watch?v=xCAfQDzvki0,0:07:08.00 -> 0:07:12.00,sutemi_waza,sutemi_waza_xCAfQDzvki0_luta36_sub04.mp4
xCAfQDzvki0,CBJ TV,https://www.youtube.com/watch?v=xCAfQDzvki0,0:00:23.00 -> 0:00:27.00,sutemi_waza,sutemi_waza_xCAfQDzvki0_luta37_sub01.mp4
xCAfQDzvki0,CBJ TV,https://www.youtube.com/watch?v=xCAfQDzvki0,0:03:35.00 -> 0:03:39.00,sutemi_waza,sutemi_waza_xCAfQDzvki0_luta38_sub02.mp4
2M0AufUQqrY,CBJ TV,https://www.youtube.com/watch?v=2M0AufUQqrY,0:00:30.00 -> 0:00:32.00,te_waza,te_waza_2M0AufUQqrY_luta06_sub01.mp4
2M0AufUQqrY,CBJ TV,https://www.youtube.com/watch?v=2M0AufUQqrY,0:04:14.52 -> 0:04:16.39,te_waza,te_waza_2M0AufUQqrY_luta06_sub03.mp4
2M0AufUQqrY,CBJ TV,https://www.youtube.com/watch?v=2M0AufUQqrY,0:00:27.49 -> 0:00:29.66,te_waza,te_waza_2M0AufUQqrY_luta09_sub01.mp4
2M0AufUQqrY,CBJ TV,https://www.youtube.com/watch?v=2M0AufUQqrY,0:00:12.60 -> 0:00:15.50,te_waza,te_waza_2M0AufUQqrY_luta10_sub01.mp4
2M0AufUQqrY,CBJ TV,https://www.youtube.com/watch?v=2M0AufUQqrY,0:01:44.39 -> 0:01:46.36,te_waza,te_waza_2M0AufUQqrY_luta11_sub01.mp4
2M0AufUQqrY,CBJ TV,https://www.youtube.com/watch?v=2M0AufUQqrY,0:04:26.54 -> 0:04:28.81,te_waza,te_waza_2M0AufUQqrY_luta12_sub04.mp4
2M0AufUQqrY,CBJ TV,https://www.youtube.com/watch?v=2M0AufUQqrY,0:04:50.57 -> 0:04:52.11,te_waza,te_waza_2M0AufUQqrY_luta12_sub05.mp4
2M0AufUQqrY,CBJ TV,https://www.youtube.com/watch?v=2M0AufUQqrY,0:01:12.16 -> 0:01:14.86,te_waza,te_waza_2M0AufUQqrY_luta14_sub02.mp4
2M0AufUQqrY,CBJ TV,https://www.youtube.com/watch?v=2M0AufUQqrY,0:02:51.91 -> 0:02:54.45,te_waza,te_waza_2M0AufUQqrY_luta14_sub03.mp4
2M0AufUQqrY,CBJ TV,https://www.youtube.com/watch?v=2M0AufUQqrY,0:00:45.40 -> 0:00:47.43,te_waza,te_waza_2M0AufUQqrY_luta19_sub01.mp4
2M0AufUQqrY,CBJ TV,https://www.youtube.com/watch?v=2M0AufUQqrY,0:00:24.16 -> 0:00:26.96,te_waza,te_waza_2M0AufUQqrY_luta20_sub01.mp4
2M0AufUQqrY,CBJ TV,https://www.youtube.com/watch?v=2M0AufUQqrY,0:02:33.42 -> 0:02:35.65,te_waza,te_waza_2M0AufUQqrY_luta22_sub01.mp4
3CMuw3ljBlQ,CBJ TV,https://www.youtube.com/watch?v=3CMuw3ljBlQ,0:01:46.00 -> 0:01:50.00,te_waza,te_waza_3CMuw3ljBlQ_luta01_sub01.mp4
3CMuw3ljBlQ,CBJ TV,https://www.youtube.com/watch?v=3CMuw3ljBlQ,0:03:59.00 -> 0:04:03.00,te_waza,te_waza_3CMuw3ljBlQ_luta01_sub05.mp4
3CMuw3ljBlQ,CBJ TV,https://www.youtube.com/watch?v=3CMuw3ljBlQ,0:01:50.00 -> 0:01:54.00,te_waza,te_waza_3CMuw3ljBlQ_luta03_sub02.mp4
3CMuw3ljBlQ,CBJ TV,https://www.youtube.com/watch?v=3CMuw3ljBlQ,0:02:24.00 -> 0:02:28.00,te_waza,te_waza_3CMuw3ljBlQ_luta03_sub03.mp4
3CMuw3ljBlQ,CBJ TV,https://www.youtube.com/watch?v=3CMuw3ljBlQ,0:03:50.00 -> 0:03:54.00,te_waza,te_waza_3CMuw3ljBlQ_luta03_sub05.mp4
3CMuw3ljBlQ,CBJ TV,https://www.youtube.com/watch?v=3CMuw3ljBlQ,0:04:51.00 -> 0:04:55.00,ashi_waza,ashi_waza_3CMuw3ljBlQ_luta04_sub02.mp4
3CMuw3ljBlQ,CBJ TV,https://www.youtube.com/watch?v=3CMuw3ljBlQ,0:01:27.00 -> 0:01:31.00,te_waza,te_waza_3CMuw3ljBlQ_luta06_sub02.mp4
3CMuw3ljBlQ,CBJ TV,https://www.youtube.com/watch?v=3CMuw3ljBlQ,0:02:58.00 -> 0:03:02.00,te_waza,te_waza_3CMuw3ljBlQ_luta07_sub02.mp4
3CMuw3ljBlQ,CBJ TV,https://www.youtube.com/watch?v=3CMuw3ljBlQ,0:04:15.00 -> 0:04:19.00,te_waza,te_waza_3CMuw3ljBlQ_luta07_sub03.mp4
3CMuw3ljBlQ,CBJ TV,https://www.youtube.com/watch?v=3CMuw3ljBlQ,0:00:21.00 -> 0:00:25.00,te_waza,te_waza_3CMuw3ljBlQ_luta08_sub01.mp4
3CMuw3ljBlQ,CBJ TV,https://www.youtube.com/watch?v=3CMuw3ljBlQ,0:02:35.00 -> 0:02:39.00,te_waza,te_waza_3CMuw3ljBlQ_luta08_sub03.mp4
3CMuw3ljBlQ,CBJ TV,https://www.youtube.com/watch?v=3CMuw3ljBlQ,0:08:24.00 -> 0:08:28.00,te_waza,te_waza_3CMuw3ljBlQ_luta09_sub03.mp4
3CMuw3ljBlQ,CBJ TV,https://www.youtube.com/watch?v=3CMuw3ljBlQ,0:07:24.00 -> 0:07:28.00,te_waza,te_waza_3CMuw3ljBlQ_luta13_sub03.mp4
3CMuw3ljBlQ,CBJ TV,https://www.youtube.com/watch?v=3CMuw3ljBlQ,0:03:58.00 -> 0:04:02.00,te_waza,te_waza_3CMuw3ljBlQ_luta14_sub02.mp4
3CMuw3ljBlQ,CBJ TV,https://www.youtube.com/watch?v=3CMuw3ljBlQ,0:02:16.00 -> 0:02:20.00,te_waza,te_waza_3CMuw3ljBlQ_luta15_sub01.mp4
3CMuw3ljBlQ,CBJ TV,https://www.youtube.com/watch?v=3CMuw3ljBlQ,0:04:30.00 -> 0:04:34.00,te_waza,te_waza_3CMuw3ljBlQ_luta15_sub02.mp4
3CMuw3ljBlQ,CBJ TV,https://www.youtube.com/watch?v=3CMuw3ljBlQ,0:04:00.00 -> 0:04:04.00,te_waza,te_waza_3CMuw3ljBlQ_luta18_sub03.mp4
3CMuw3ljBlQ,CBJ TV,https://www.youtube.com/watch?v=3CMuw3ljBlQ,0:04:45.00 -> 0:04:49.00,te_waza,te_waza_3CMuw3ljBlQ_luta18_sub04.mp4
3CMuw3ljBlQ,CBJ TV,https://www.youtube.com/watch?v=3CMuw3ljBlQ,0:06:08.00 -> 0:06:12.00,te_waza,te_waza_3CMuw3ljBlQ_luta18_sub06.mp4
3CMuw3ljBlQ,CBJ TV,https://www.youtube.com/watch?v=3CMuw3ljBlQ,0:00:28.00 -> 0:00:32.00,te_waza,te_waza_3CMuw3ljBlQ_luta19_sub01.mp4
3CMuw3ljBlQ,CBJ TV,https://www.youtube.com/watch?v=3CMuw3ljBlQ,0:01:35.00 -> 0:01:39.00,te_waza,te_waza_3CMuw3ljBlQ_luta19_sub02.mp4
3CMuw3ljBlQ,CBJ TV,https://www.youtube.com/watch?v=3CMuw3ljBlQ,0:01:05.00 -> 0:01:09.00,te_waza,te_waza_3CMuw3ljBlQ_luta20_sub02.mp4
3CMuw3ljBlQ,CBJ TV,https://www.youtube.com/watch?v=3CMuw3ljBlQ,0:01:30.00 -> 0:01:34.00,te_waza,te_waza_3CMuw3ljBlQ_luta20_sub03.mp4
3CMuw3ljBlQ,CBJ TV,https://www.youtube.com/watch?v=3CMuw3ljBlQ,0:02:58.00 -> 0:03:02.00,te_waza,te_waza_3CMuw3ljBlQ_luta20_sub04.mp4
3CMuw3ljBlQ,CBJ TV,https://www.youtube.com/watch?v=3CMuw3ljBlQ,0:03:41.00 -> 0:03:45.00,te_waza,te_waza_3CMuw3ljBlQ_luta20_sub05.mp4
3CMuw3ljBlQ,CBJ TV,https://www.youtube.com/watch?v=3CMuw3ljBlQ,0:04:18.00 -> 0:04:22.00,te_waza,te_waza_3CMuw3ljBlQ_luta20_sub06.mp4
3CMuw3ljBlQ,CBJ TV,https://www.youtube.com/watch?v=3CMuw3ljBlQ,0:05:09.00 -> 0:05:13.00,te_waza,te_waza_3CMuw3ljBlQ_luta20_sub07.mp4
3CMuw3ljBlQ,CBJ TV,https://www.youtube.com/watch?v=3CMuw3ljBlQ,0:05:25.00 -> 0:05:29.00,te_waza,te_waza_3CMuw3ljBlQ_luta20_sub08.mp4
3CMuw3ljBlQ,CBJ TV,https://www.youtube.com/watch?v=3CMuw3ljBlQ,0:06:11.00 -> 0:06:15.00,te_waza,te_waza_3CMuw3ljBlQ_luta22_sub03.mp4
3mcFb0cA808,CBJ TV,https://www.youtube.com/watch?v=3mcFb0cA808,0:01:42.96 -> 0:01:46.33,te_waza,te_waza_3mcFb0cA808_luta04_sub02.mp4
3mcFb0cA808,CBJ TV,https://www.youtube.com/watch?v=3mcFb0cA808,0:04:37.81 -> 0:04:40.21,te_waza,te_waza_3mcFb0cA808_luta04_sub03.mp4
3mcFb0cA808,CBJ TV,https://www.youtube.com/watch?v=3mcFb0cA808,0:05:30.84 -> 0:05:32.81,te_waza,te_waza_3mcFb0cA808_luta06_sub01.mp4
JTTP_kAAX7k,CBJ TV,https://www.youtube.com/watch?v=JTTP_kAAX7k,0:03:24.00 -> 0:03:28.00,te_waza,te_waza_JTTP_kAAX7k_luta03_sub01.mp4
JTTP_kAAX7k,CBJ TV,https://www.youtube.com/watch?v=JTTP_kAAX7k,0:06:04.00 -> 0:06:08.00,te_waza,te_waza_JTTP_kAAX7k_luta03_sub02.mp4
JTTP_kAAX7k,CBJ TV,https://www.youtube.com/watch?v=JTTP_kAAX7k,0:07:20.00 -> 0:07:24.00,te_waza,te_waza_JTTP_kAAX7k_luta03_sub03.mp4
JTTP_kAAX7k,CBJ TV,https://www.youtube.com/watch?v=JTTP_kAAX7k,0:08:35.00 -> 0:08:39.00,te_waza,te_waza_JTTP_kAAX7k_luta03_sub04.mp4
JTTP_kAAX7k,CBJ TV,https://www.youtube.com/watch?v=JTTP_kAAX7k,0:00:27.00 -> 0:00:31.00,te_waza,te_waza_JTTP_kAAX7k_luta04_sub01.mp4
JTTP_kAAX7k,CBJ TV,https://www.youtube.com/watch?v=JTTP_kAAX7k,0:00:45.00 -> 0:00:49.00,te_waza,te_waza_JTTP_kAAX7k_luta04_sub02.mp4
JTTP_kAAX7k,CBJ TV,https://www.youtube.com/watch?v=JTTP_kAAX7k,0:01:16.00 -> 0:01:20.00,te_waza,te_waza_JTTP_kAAX7k_luta04_sub03.mp4
JTTP_kAAX7k,CBJ TV,https://www.youtube.com/watch?v=JTTP_kAAX7k,0:06:50.00 -> 0:06:54.00,te_waza,te_waza_JTTP_kAAX7k_luta04_sub05.mp4
JTTP_kAAX7k,CBJ TV,https://www.youtube.com/watch?v=JTTP_kAAX7k,0:09:46.00 -> 0:09:50.00,te_waza,te_waza_JTTP_kAAX7k_luta04_sub08.mp4
JTTP_kAAX7k,CBJ TV,https://www.youtube.com/watch?v=JTTP_kAAX7k,0:10:16.00 -> 0:10:20.00,te_waza,te_waza_JTTP_kAAX7k_luta04_sub09.mp4
JTTP_kAAX7k,CBJ TV,https://www.youtube.com/watch?v=JTTP_kAAX7k,0:02:13.00 -> 0:02:17.00,te_waza,te_waza_JTTP_kAAX7k_luta07_sub01.mp4
JTTP_kAAX7k,CBJ TV,https://www.youtube.com/watch?v=JTTP_kAAX7k,0:02:58.00 -> 0:03:02.00,te_waza,te_waza_JTTP_kAAX7k_luta08_sub02.mp4
JTTP_kAAX7k,CBJ TV,https://www.youtube.com/watch?v=JTTP_kAAX7k,0:05:22.00 -> 0:05:26.00,te_waza,te_waza_JTTP_kAAX7k_luta09_sub02.mp4
JTTP_kAAX7k,CBJ TV,https://www.youtube.com/watch?v=JTTP_kAAX7k,0:00:38.00 -> 0:00:42.00,te_waza,te_waza_JTTP_kAAX7k_luta10_sub01.mp4
JTTP_kAAX7k,CBJ TV,https://www.youtube.com/watch?v=JTTP_kAAX7k,0:04:08.00 -> 0:04:12.00,te_waza,te_waza_JTTP_kAAX7k_luta10_sub04.mp4
KJoE31ErlHY,CBJ TV,https://www.youtube.com/watch?v=KJoE31ErlHY,0:00:20.30 -> 0:00:22.76,te_waza,te_waza_KJoE31ErlHY_luta06_sub01.mp4
KJoE31ErlHY,CBJ TV,https://www.youtube.com/watch?v=KJoE31ErlHY,0:00:21.93 -> 0:00:24.66,te_waza,te_waza_KJoE31ErlHY_luta07_sub01.mp4
KJoE31ErlHY,CBJ TV,https://www.youtube.com/watch?v=KJoE31ErlHY,0:04:00.00 -> 0:04:04.00,te_waza,te_waza_KJoE31ErlHY_luta08_sub01.mp4
KJoE31ErlHY,CBJ TV,https://www.youtube.com/watch?v=KJoE31ErlHY,0:00:29.00 -> 0:00:33.00,te_waza,te_waza_KJoE31ErlHY_luta11_sub01.mp4
KJoE31ErlHY,CBJ TV,https://www.youtube.com/watch?v=KJoE31ErlHY,0:01:52.00 -> 0:01:56.00,te_waza,te_waza_KJoE31ErlHY_luta13_sub01.mp4
KJoE31ErlHY,CBJ TV,https://www.youtube.com/watch?v=KJoE31ErlHY,0:02:56.00 -> 0:03:00.00,te_waza,te_waza_KJoE31ErlHY_luta13_sub02.mp4
KJoE31ErlHY,CBJ TV,https://www.youtube.com/watch?v=KJoE31ErlHY,0:06:24.00 -> 0:06:28.00,te_waza,te_waza_KJoE31ErlHY_luta13_sub05.mp4
KJoE31ErlHY,CBJ TV,https://www.youtube.com/watch?v=KJoE31ErlHY,0:07:18.00 -> 0:07:22.00,te_waza,te_waza_KJoE31ErlHY_luta13_sub06.mp4
KQ42cd2XwEY,CBJ TV,https://www.youtube.com/watch?v=KQ42cd2XwEY,0:00:21.40 -> 0:00:25.23,te_waza,te_waza_KQ42cd2XwEY_luta01_sub02.mp4
KQ42cd2XwEY,CBJ TV,https://www.youtube.com/watch?v=KQ42cd2XwEY,0:02:00.15 -> 0:02:04.08,te_waza,te_waza_KQ42cd2XwEY_luta02_sub01.mp4
KQ42cd2XwEY,CBJ TV,https://www.youtube.com/watch?v=KQ42cd2XwEY,0:00:17.57 -> 0:00:21.47,te_waza,te_waza_KQ42cd2XwEY_luta07_sub01.mp4
KQ42cd2XwEY,CBJ TV,https://www.youtube.com/watch?v=KQ42cd2XwEY,0:00:44.93 -> 0:00:47.33,ashi_waza,ashi_waza_KQ42cd2XwEY_luta08_sub01.mp4
KQ42cd2XwEY,CBJ TV,https://www.youtube.com/watch?v=KQ42cd2XwEY,0:01:28.79 -> 0:01:31.29,te_waza,te_waza_KQ42cd2XwEY_luta08_sub02.mp4
KQ42cd2XwEY,CBJ TV,https://www.youtube.com/watch?v=KQ42cd2XwEY,0:04:54.57 -> 0:04:56.31,te_waza,te_waza_KQ42cd2XwEY_luta14_sub03.mp4
KQ42cd2XwEY,CBJ TV,https://www.youtube.com/watch?v=KQ42cd2XwEY,0:00:57.26 -> 0:01:00.10,sutemi_waza,sutemi_waza_KQ42cd2XwEY_luta15_sub01.mp4
KQ42cd2XwEY,CBJ TV,https://www.youtube.com/watch?v=KQ42cd2XwEY,0:02:50.49 -> 0:02:52.96,te_waza,te_waza_KQ42cd2XwEY_luta15_sub03.mp4
KQ42cd2XwEY,CBJ TV,https://www.youtube.com/watch?v=KQ42cd2XwEY,0:04:21.14 -> 0:04:23.41,te_waza,te_waza_KQ42cd2XwEY_luta15_sub05.mp4
S4sz6Cu0a0A,CBJ TV,https://www.youtube.com/watch?v=S4sz6Cu0a0A,0:01:54.00 -> 0:01:58.00,te_waza,te_waza_S4sz6Cu0a0A_luta01_sub01.mp4
S4sz6Cu0a0A,CBJ TV,https://www.youtube.com/watch?v=S4sz6Cu0a0A,0:01:21.96 -> 0:01:24.83,te_waza,te_waza_S4sz6Cu0a0A_luta02_sub01.mp4
S4sz6Cu0a0A,CBJ TV,https://www.youtube.com/watch?v=S4sz6Cu0a0A,0:03:12.61 -> 0:03:15.25,te_waza,te_waza_S4sz6Cu0a0A_luta04_sub01.mp4
S4sz6Cu0a0A,CBJ TV,https://www.youtube.com/watch?v=S4sz6Cu0a0A,0:03:46.00 -> 0:03:50.00,te_waza,te_waza_S4sz6Cu0a0A_luta09_sub02.mp4
S4sz6Cu0a0A,CBJ TV,https://www.youtube.com/watch?v=S4sz6Cu0a0A,0:00:41.00 -> 0:00:45.00,te_waza,te_waza_S4sz6Cu0a0A_luta10_sub01.mp4
S4sz6Cu0a0A,CBJ TV,https://www.youtube.com/watch?v=S4sz6Cu0a0A,0:00:28.00 -> 0:00:32.00,te_waza,te_waza_S4sz6Cu0a0A_luta11_sub01.mp4
S4sz6Cu0a0A,CBJ TV,https://www.youtube.com/watch?v=S4sz6Cu0a0A,0:00:59.00 -> 0:01:03.00,te_waza,te_waza_S4sz6Cu0a0A_luta11_sub02.mp4
S4sz6Cu0a0A,CBJ TV,https://www.youtube.com/watch?v=S4sz6Cu0a0A,0:02:14.00 -> 0:02:18.00,te_waza,te_waza_S4sz6Cu0a0A_luta11_sub04.mp4
S4sz6Cu0a0A,CBJ TV,https://www.youtube.com/watch?v=S4sz6Cu0a0A,0:02:40.00 -> 0:02:44.00,te_waza,te_waza_S4sz6Cu0a0A_luta11_sub05.mp4
S4sz6Cu0a0A,CBJ TV,https://www.youtube.com/watch?v=S4sz6Cu0a0A,0:03:29.00 -> 0:03:33.00,te_waza,te_waza_S4sz6Cu0a0A_luta12_sub02.mp4
S4sz6Cu0a0A,CBJ TV,https://www.youtube.com/watch?v=S4sz6Cu0a0A,0:04:18.00 -> 0:04:22.00,te_waza,te_waza_S4sz6Cu0a0A_luta13_sub02.mp4
S4sz6Cu0a0A,CBJ TV,https://www.youtube.com/watch?v=S4sz6Cu0a0A,0:03:36.00 -> 0:03:40.00,te_waza,te_waza_S4sz6Cu0a0A_luta17_sub02.mp4
S4sz6Cu0a0A,CBJ TV,https://www.youtube.com/watch?v=S4sz6Cu0a0A,0:00:22.00 -> 0:00:26.00,te_waza,te_waza_S4sz6Cu0a0A_luta19_sub01.mp4
S4sz6Cu0a0A,CBJ TV,https://www.youtube.com/watch?v=S4sz6Cu0a0A,0:01:22.00 -> 0:01:26.00,te_waza,te_waza_S4sz6Cu0a0A_luta19_sub02.mp4
S4sz6Cu0a0A,CBJ TV,https://www.youtube.com/watch?v=S4sz6Cu0a0A,0:02:34.00 -> 0:02:38.00,te_waza,te_waza_S4sz6Cu0a0A_luta19_sub03.mp4
S4sz6Cu0a0A,CBJ TV,https://www.youtube.com/watch?v=S4sz6Cu0a0A,0:01:05.00 -> 0:01:09.00,te_waza,te_waza_S4sz6Cu0a0A_luta20_sub02.mp4
S4sz6Cu0a0A,CBJ TV,https://www.youtube.com/watch?v=S4sz6Cu0a0A,0:05:49.00 -> 0:05:53.00,te_waza,te_waza_S4sz6Cu0a0A_luta20_sub05.mp4
Wa2koy9Wlx0,CBJ TV,https://www.youtube.com/watch?v=Wa2koy9Wlx0,0:00:49.09 -> 0:00:53.52,te_waza,te_waza_Wa2koy9Wlx0_luta01_sub01.mp4
Wa2koy9Wlx0,CBJ TV,https://www.youtube.com/watch?v=Wa2koy9Wlx0,0:05:04.24 -> 0:05:06.34,te_waza,te_waza_Wa2koy9Wlx0_luta01_sub03.mp4
Wa2koy9Wlx0,CBJ TV,https://www.youtube.com/watch?v=Wa2koy9Wlx0,0:03:26.46 -> 0:03:29.42,te_waza,te_waza_Wa2koy9Wlx0_luta03_sub02.mp4
Wa2koy9Wlx0,CBJ TV,https://www.youtube.com/watch?v=Wa2koy9Wlx0,0:01:20.33 -> 0:01:22.93,te_waza,te_waza_Wa2koy9Wlx0_luta04_sub01.mp4
Wa2koy9Wlx0,CBJ TV,https://www.youtube.com/watch?v=Wa2koy9Wlx0,0:02:19.50 -> 0:02:22.03,te_waza,te_waza_Wa2koy9Wlx0_luta06_sub01.mp4
Wa2koy9Wlx0,CBJ TV,https://www.youtube.com/watch?v=Wa2koy9Wlx0,0:02:30.39 -> 0:02:33.49,te_waza,te_waza_Wa2koy9Wlx0_luta10_sub01.mp4
Wa2koy9Wlx0,CBJ TV,https://www.youtube.com/watch?v=Wa2koy9Wlx0,0:01:52.42 -> 0:01:54.79,te_waza,te_waza_Wa2koy9Wlx0_luta11_sub03.mp4
Wa2koy9Wlx0,CBJ TV,https://www.youtube.com/watch?v=Wa2koy9Wlx0,0:02:20.88 -> 0:02:23.05,te_waza,te_waza_Wa2koy9Wlx0_luta11_sub04.mp4
Wa2koy9Wlx0,CBJ TV,https://www.youtube.com/watch?v=Wa2koy9Wlx0,0:00:40.53 -> 0:00:42.46,te_waza,te_waza_Wa2koy9Wlx0_luta14_sub01.mp4
Wa2koy9Wlx0,CBJ TV,https://www.youtube.com/watch?v=Wa2koy9Wlx0,0:04:19.01 -> 0:04:21.25,te_waza,te_waza_Wa2koy9Wlx0_luta14_sub03.mp4
Wa2koy9Wlx0,CBJ TV,https://www.youtube.com/watch?v=Wa2koy9Wlx0,0:02:12.40 -> 0:02:14.63,te_waza,te_waza_Wa2koy9Wlx0_luta15_sub02.mp4
Wa2koy9Wlx0,CBJ TV,https://www.youtube.com/watch?v=Wa2koy9Wlx0,0:01:43.52 -> 0:01:45.69,te_waza,te_waza_Wa2koy9Wlx0_luta16_sub02.mp4
Wa2koy9Wlx0,CBJ TV,https://www.youtube.com/watch?v=Wa2koy9Wlx0,0:04:06.62 -> 0:04:08.85,te_waza,te_waza_Wa2koy9Wlx0_luta17_sub01.mp4
Wa2koy9Wlx0,CBJ TV,https://www.youtube.com/watch?v=Wa2koy9Wlx0,0:03:49.72 -> 0:03:53.32,te_waza,te_waza_Wa2koy9Wlx0_luta19_sub02.mp4
Wa2koy9Wlx0,CBJ TV,https://www.youtube.com/watch?v=Wa2koy9Wlx0,0:06:53.30 -> 0:06:56.74,te_waza,te_waza_Wa2koy9Wlx0_luta21_sub02.mp4
lX7brd9T1-s,CBJ TV,https://www.youtube.com/watch?v=lX7brd9T1-s,0:00:41.00 -> 0:00:45.00,te_waza,te_waza_lX7brd9T1-s_luta02_sub01.mp4
lX7brd9T1-s,CBJ TV,https://www.youtube.com/watch?v=lX7brd9T1-s,0:01:30.00 -> 0:01:34.00,te_waza,te_waza_lX7brd9T1-s_luta03_sub03.mp4
lX7brd9T1-s,CBJ TV,https://www.youtube.com/watch?v=lX7brd9T1-s,0:01:54.00 -> 0:01:58.00,te_waza,te_waza_lX7brd9T1-s_luta04_sub02.mp4
lX7brd9T1-s,CBJ TV,https://www.youtube.com/watch?v=lX7brd9T1-s,0:02:09.00 -> 0:02:13.00,te_waza,te_waza_lX7brd9T1-s_luta04_sub03.mp4
lX7brd9T1-s,CBJ TV,https://www.youtube.com/watch?v=lX7brd9T1-s,0:04:05.00 -> 0:04:09.00,te_waza,te_waza_lX7brd9T1-s_luta08_sub03.mp4
lX7brd9T1-s,CBJ TV,https://www.youtube.com/watch?v=lX7brd9T1-s,0:01:35.00 -> 0:01:39.00,te_waza,te_waza_lX7brd9T1-s_luta10_sub01.mp4
lX7brd9T1-s,CBJ TV,https://www.youtube.com/watch?v=lX7brd9T1-s,0:02:31.00 -> 0:02:35.00,te_waza,te_waza_lX7brd9T1-s_luta13_sub02.mp4
lX7brd9T1-s,CBJ TV,https://www.youtube.com/watch?v=lX7brd9T1-s,0:03:08.00 -> 0:03:12.00,te_waza,te_waza_lX7brd9T1-s_luta14_sub02.mp4
lX7brd9T1-s,CBJ TV,https://www.youtube.com/watch?v=lX7brd9T1-s,0:00:35.00 -> 0:00:39.00,te_waza,te_waza_lX7brd9T1-s_luta17_sub01.mp4
lX7brd9T1-s,CBJ TV,https://www.youtube.com/watch?v=lX7brd9T1-s,0:01:32.00 -> 0:01:36.00,te_waza,te_waza_lX7brd9T1-s_luta17_sub02.mp4
lX7brd9T1-s,CBJ TV,https://www.youtube.com/watch?v=lX7brd9T1-s,0:01:00.00 -> 0:01:04.00,te_waza,te_waza_lX7brd9T1-s_luta19_sub01.mp4
lX7brd9T1-s,CBJ TV,https://www.youtube.com/watch?v=lX7brd9T1-s,0:01:34.00 -> 0:01:38.00,te_waza,te_waza_lX7brd9T1-s_luta19_sub02.mp4
lX7brd9T1-s,CBJ TV,https://www.youtube.com/watch?v=lX7brd9T1-s,0:01:58.00 -> 0:02:02.00,te_waza,te_waza_lX7brd9T1-s_luta19_sub03.mp4
lX7brd9T1-s,CBJ TV,https://www.youtube.com/watch?v=lX7brd9T1-s,0:02:37.00 -> 0:02:41.00,te_waza,te_waza_lX7brd9T1-s_luta23_sub02.mp4
lX7brd9T1-s,CBJ TV,https://www.youtube.com/watch?v=lX7brd9T1-s,0:03:49.00 -> 0:03:53.00,te_waza,te_waza_lX7brd9T1-s_luta24_sub03.mp4
lX7brd9T1-s,CBJ TV,https://www.youtube.com/watch?v=lX7brd9T1-s,0:04:16.00 -> 0:04:20.00,te_waza,te_waza_lX7brd9T1-s_luta24_sub04.mp4
lX7brd9T1-s,CBJ TV,https://www.youtube.com/watch?v=lX7brd9T1-s,0:05:23.00 -> 0:05:27.00,te_waza,te_waza_lX7brd9T1-s_luta24_sub05.mp4
lX7brd9T1-s,CBJ TV,https://www.youtube.com/watch?v=lX7brd9T1-s,0:01:01.00 -> 0:01:05.00,te_waza,te_waza_lX7brd9T1-s_luta25_sub01.mp4
lX7brd9T1-s,CBJ TV,https://www.youtube.com/watch?v=lX7brd9T1-s,0:01:09.00 -> 0:01:13.00,te_waza,te_waza_lX7brd9T1-s_luta26_sub01.mp4
lX7brd9T1-s,CBJ TV,https://www.youtube.com/watch?v=lX7brd9T1-s,0:02:05.00 -> 0:02:09.00,te_waza,te_waza_lX7brd9T1-s_luta27_sub02.mp4
lX7brd9T1-s,CBJ TV,https://www.youtube.com/watch?v=lX7brd9T1-s,0:03:52.00 -> 0:03:56.00,te_waza,te_waza_lX7brd9T1-s_luta27_sub03.mp4
lX7brd9T1-s,CBJ TV,https://www.youtube.com/watch?v=lX7brd9T1-s,0:04:28.00 -> 0:04:32.00,ashi_waza,ashi_waza_lX7brd9T1-s_luta27_sub04.mp4
lX7brd9T1-s,CBJ TV,https://www.youtube.com/watch?v=lX7brd9T1-s,0:07:17.00 -> 0:07:21.00,te_waza,te_waza_lX7brd9T1-s_luta28_sub03.mp4
lX7brd9T1-s,CBJ TV,https://www.youtube.com/watch?v=lX7brd9T1-s,0:02:31.00 -> 0:02:35.00,te_waza,te_waza_lX7brd9T1-s_luta29_sub01.mp4
lX7brd9T1-s,CBJ TV,https://www.youtube.com/watch?v=lX7brd9T1-s,0:06:04.00 -> 0:06:08.00,te_waza,te_waza_lX7brd9T1-s_luta29_sub02.mp4
lX7brd9T1-s,CBJ TV,https://www.youtube.com/watch?v=lX7brd9T1-s,0:04:17.00 -> 0:04:21.00,te_waza,te_waza_lX7brd9T1-s_luta33_sub04.mp4
lX7brd9T1-s,CBJ TV,https://www.youtube.com/watch?v=lX7brd9T1-s,0:04:05.00 -> 0:04:09.00,te_waza,te_waza_lX7brd9T1-s_luta36_sub03.mp4
lX7brd9T1-s,CBJ TV,https://www.youtube.com/watch?v=lX7brd9T1-s,0:03:52.00 -> 0:03:56.00,te_waza,te_waza_lX7brd9T1-s_luta37_sub03.mp4
lX7brd9T1-s,CBJ TV,https://www.youtube.com/watch?v=lX7brd9T1-s,0:07:58.00 -> 0:08:02.00,ashi_waza,ashi_waza_lX7brd9T1-s_luta42_sub02.mp4
lX7brd9T1-s,CBJ TV,https://www.youtube.com/watch?v=lX7brd9T1-s,0:01:39.00 -> 0:01:43.00,te_waza,te_waza_lX7brd9T1-s_luta43_sub01.mp4
lX7brd9T1-s,CBJ TV,https://www.youtube.com/watch?v=lX7brd9T1-s,0:02:48.00 -> 0:02:52.00,te_waza,te_waza_lX7brd9T1-s_luta43_sub02.mp4
lX7brd9T1-s,CBJ TV,https://www.youtube.com/watch?v=lX7brd9T1-s,0:06:17.00 -> 0:06:21.00,te_waza,te_waza_lX7brd9T1-s_luta46_sub01.mp4
lX7brd9T1-s,CBJ TV,https://www.youtube.com/watch?v=lX7brd9T1-s,0:00:34.00 -> 0:00:38.00,te_waza,te_waza_lX7brd9T1-s_luta47_sub01.mp4
xCAfQDzvki0,CBJ TV,https://www.youtube.com/watch?v=xCAfQDzvki0,0:04:58.00 -> 0:05:02.00,te_waza,te_waza_xCAfQDzvki0_luta01_sub01.mp4
xCAfQDzvki0,CBJ TV,https://www.youtube.com/watch?v=xCAfQDzvki0,0:05:54.00 -> 0:05:58.00,te_waza,te_waza_xCAfQDzvki0_luta01_sub02.mp4
xCAfQDzvki0,CBJ TV,https://www.youtube.com/watch?v=xCAfQDzvki0,0:06:23.00 -> 0:06:27.00,te_waza,te_waza_xCAfQDzvki0_luta01_sub03.mp4
xCAfQDzvki0,CBJ TV,https://www.youtube.com/watch?v=xCAfQDzvki0,0:01:49.00 -> 0:01:53.00,te_waza,te_waza_xCAfQDzvki0_luta03_sub01.mp4
xCAfQDzvki0,CBJ TV,https://www.youtube.com/watch?v=xCAfQDzvki0,0:01:32.00 -> 0:01:36.00,te_waza,te_waza_xCAfQDzvki0_luta07_sub01.mp4
xCAfQDzvki0,CBJ TV,https://www.youtube.com/watch?v=xCAfQDzvki0,0:00:33.00 -> 0:00:37.00,te_waza,te_waza_xCAfQDzvki0_luta08_sub01.mp4
xCAfQDzvki0,CBJ TV,https://www.youtube.com/watch?v=xCAfQDzvki0,0:01:59.00 -> 0:02:03.00,te_waza,te_waza_xCAfQDzvki0_luta08_sub02.mp4
xCAfQDzvki0,CBJ TV,https://www.youtube.com/watch?v=xCAfQDzvki0,0:03:30.00 -> 0:03:34.00,te_waza,te_waza_xCAfQDzvki0_luta08_sub03.mp4
xCAfQDzvki0,CBJ TV,https://www.youtube.com/watch?v=xCAfQDzvki0,0:05:22.00 -> 0:05:26.00,te_waza,te_waza_xCAfQDzvki0_luta08_sub04.mp4
xCAfQDzvki0,CBJ TV,https://www.youtube.com/watch?v=xCAfQDzvki0,0:02:45.00 -> 0:02:49.00,te_waza,te_waza_xCAfQDzvki0_luta10_sub03.mp4
xCAfQDzvki0,CBJ TV,https://www.youtube.com/watch?v=xCAfQDzvki0,0:02:45.00 -> 0:02:49.00,te_waza,te_waza_xCAfQDzvki0_luta13_sub01.mp4
xCAfQDzvki0,CBJ TV,https://www.youtube.com/watch?v=xCAfQDzvki0,0:05:38.00 -> 0:05:42.00,te_waza,te_waza_xCAfQDzvki0_luta14_sub03.mp4
xCAfQDzvki0,CBJ TV,https://www.youtube.com/watch?v=xCAfQDzvki0,0:01:22.00 -> 0:01:26.00,te_waza,te_waza_xCAfQDzvki0_luta15_sub02.mp4
xCAfQDzvki0,CBJ TV,https://www.youtube.com/watch?v=xCAfQDzvki0,0:03:18.00 -> 0:03:22.00,te_waza,te_waza_xCAfQDzvki0_luta15_sub03.mp4
xCAfQDzvki0,CBJ TV,https://www.youtube.com/watch?v=xCAfQDzvki0,0:04:39.00 -> 0:04:43.00,te_waza,te_waza_xCAfQDzvki0_luta15_sub05.mp4
xCAfQDzvki0,CBJ TV,https://www.youtube.com/watch?v=xCAfQDzvki0,0:02:52.00 -> 0:02:56.00,te_waza,te_waza_xCAfQDzvki0_luta17_sub02.mp4
xCAfQDzvki0,CBJ TV,https://www.youtube.com/watch?v=xCAfQDzvki0,0:04:52.00 -> 0:04:56.00,te_waza,te_waza_xCAfQDzvki0_luta23_sub03.mp4
xCAfQDzvki0,CBJ TV,https://www.youtube.com/watch?v=xCAfQDzvki0,0:00:41.00 -> 0:00:45.00,te_waza,te_waza_xCAfQDzvki0_luta24_sub01.mp4
xCAfQDzvki0,CBJ TV,https://www.youtube.com/watch?v=xCAfQDzvki0,0:00:47.00 -> 0:00:51.00,te_waza,te_waza_xCAfQDzvki0_luta30_sub01.mp4
xCAfQDzvki0,CBJ TV,https://www.youtube.com/watch?v=xCAfQDzvki0,0:01:41.00 -> 0:01:45.00,te_waza,te_waza_xCAfQDzvki0_luta34_sub01.mp4
xCAfQDzvki0,CBJ TV,https://www.youtube.com/watch?v=xCAfQDzvki0,0:03:31.00 -> 0:03:35.00,te_waza,te_waza_xCAfQDzvki0_luta34_sub04.mp4
xCAfQDzvki0,CBJ TV,https://www.youtube.com/watch?v=xCAfQDzvki0,0:03:04.00 -> 0:03:08.00,te_waza,te_waza_xCAfQDzvki0_luta37_sub02.mp4
xCAfQDzvki0,CBJ TV,https://www.youtube.com/watch?v=xCAfQDzvki0,0:04:06.00 -> 0:04:10.00,te_waza,te_waza_xCAfQDzvki0_luta37_sub03.mp4
xCAfQDzvki0,CBJ TV,https://www.youtube.com/watch?v=xCAfQDzvki0,0:00:41.00 -> 0:00:45.00,te_waza,te_waza_xCAfQDzvki0_luta40_sub01.mp4
xCAfQDzvki0,CBJ TV,https://www.youtube.com/watch?v=xCAfQDzvki0,0:01:54.00 -> 0:01:58.00,te_waza,te_waza_xCAfQDzvki0_luta40_sub02.mp4
xCAfQDzvki0,CBJ TV,https://www.youtube.com/watch?v=xCAfQDzvki0,0:04:45.00 -> 0:04:49.00,te_waza,te_waza_xCAfQDzvki0_luta40_sub03.mp4
xCAfQDzvki0,CBJ TV,https://www.youtube.com/watch?v=xCAfQDzvki0,0:06:13.00 -> 0:06:17.00,te_waza,te_waza_xCAfQDzvki0_luta40_sub04.mp4
xCAfQDzvki0,CBJ TV,https://www.youtube.com/watch?v=xCAfQDzvki0,0:00:24.00 -> 0:00:28.00,te_waza,te_waza_xCAfQDzvki0_luta41_sub01.mp4
xCAfQDzvki0,CBJ TV,https://www.youtube.com/watch?v=xCAfQDzvki0,0:04:04.00 -> 0:04:08.00,te_waza,te_waza_xCAfQDzvki0_luta41_sub06.mp4
xCAfQDzvki0,CBJ TV,https://www.youtube.com/watch?v=xCAfQDzvki0,0:04:46.00 -> 0:04:50.00,ashi_waza,ashi_waza_xCAfQDzvki0_luta41_sub07.mp4
xCAfQDzvki0,CBJ TV,https://www.youtube.com/watch?v=xCAfQDzvki0,0:01:32.00 -> 0:01:36.00,te_waza,te_waza_xCAfQDzvki0_luta42_sub03.mp4
